base_name,image_file,mask_file,image_path,mask_path,split,img_width,img_height,img_mode,img_format,img_size_bytes,img_channels,mask_width,mask_height,mask_mode,mask_format,mask_size_bytes,mask_channels,dimension_match,img_size_kb,mask_size_kb
gray_0030,gray_0030.jpg,gray_0030_mask.png,/kaggle/input/solar-cells-processed/solar_cell_ver4_/train_split/train/gray_0030.jpg,/kaggle/input/solar-cells-processed/solar_cell_ver4_/train_split/train/gray_0030_mask.png,train,512,512,RGB,JPEG,70551,3,512,512,RGB,PNG,2201,3,True,68.8974609375,2.1494140625
gray_0201,gray_0201.jpg,gray_0201_mask.png,/kaggle/input/solar-cells-processed/solar_cell_ver4_/train_split/train/gray_0201.jpg,/kaggle/input/solar-cells-processed/solar_cell_ver4_/train_split/train/gray_0201_mask.png,train,512,512,RGB,JPEG,18159,3,512,512,RGB,PNG,2720,3,True,17.7333984375,2.65625
gray_0212,gray_0212.jpg,gray_0212_mask.png,/kaggle/input/solar-cells-processed/solar_cell_ver4_/train_split/train/gray_0212.jpg,/kaggle/input/solar-cells-processed/solar_cell_ver4_/train_split/train/gray_0212_mask.png,train,512,512,RGB,JPEG,40818,3,512,512,RGB,PNG,5190,3,True,39.861328125,5.068359375
gray_0148,gray_0148.jpg,gray_0148_mask.png,/kaggle/input/solar-cells-processed/solar_cell_ver4_/train_split/train/gray_0148.jpg,/kaggle/input/solar-cells-processed/solar_cell_ver4_/train_split/train/gray_0148_mask.png,train,512,512,RGB,JPEG,90467,3,512,512,RGB,PNG,3451,3,True,88.3466796875,3.3701171875
rgb_0025,rgb_0025.jpg,rgb_0025_mask.png,/kaggle/input/solar-cells-processed/solar_cell_ver4_/train_split/train/rgb_0025.jpg,/kaggle/input/solar-cells-processed/solar_cell_ver4_/train_split/train/rgb_0025_mask.png,train,512,512,RGB,JPEG,22536,3,512,512,L,PNG,1916,2,True,22.0078125,1.87109375
gray_0068,gray_0068.jpg,gray_0068_mask.png,/kaggle/input/solar-cells-processed/solar_cell_ver4_/train_split/train/gray_0068.jpg,/kaggle/input/solar-cells-processed/solar_cell_ver4_/train_split/train/gray_0068_mask.png,train,512,512,RGB,JPEG,38996,3,512,512,RGB,PNG,7034,3,True,38.08203125,6.869140625
gray_0107,gray_0107.jpg,gray_0107_mask.png,/kaggle/input/solar-cells-processed/solar_cell_ver4_/train_split/train/gray_0107.jpg,/kaggle/input/solar-cells-processed/solar_cell_ver4_/train_split/train/gray_0107_mask.png,train,512,512,RGB,JPEG,60916,3,512,512,RGB,PNG,2282,3,True,59.48828125,2.228515625
gray_0237,gray_0237.jpg,gray_0237_mask.png,/kaggle/input/solar-cells-processed/solar_cell_ver4_/train_split/train/gray_0237.jpg,/kaggle/input/solar-cells-processed/solar_cell_ver4_/train_split/train/gray_0237_mask.png,train,512,512,RGB,JPEG,83157,3,512,512,RGB,PNG,2957,3,True,81.2080078125,2.8876953125
gray_0206,gray_0206.jpg,gray_0206_mask.png,/kaggle/input/solar-cells-processed/solar_cell_ver4_/train_split/train/gray_0206.jpg,/kaggle/input/solar-cells-processed/solar_cell_ver4_/train_split/train/gray_0206_mask.png,train,512,512,RGB,JPEG,24692,3,512,512,RGB,PNG,5935,3,True,24.11328125,5.7958984375
gray_0170,gray_0170.jpg,gray_0170_mask.png,/kaggle/input/solar-cells-processed/solar_cell_ver4_/train_split/train/gray_0170.jpg,/kaggle/input/solar-cells-processed/solar_cell_ver4_/train_split/train/gray_0170_mask.png,train,512,512,RGB,JPEG,55953,3,512,512,RGB,PNG,5790,3,True,54.6416015625,5.654296875
gray_0146,gray_0146.jpg,gray_0146_mask.png,/kaggle/input/solar-cells-processed/solar_cell_ver4_/train_split/train/gray_0146.jpg,/kaggle/input/solar-cells-processed/solar_cell_ver4_/train_split/train/gray_0146_mask.png,train,512,512,RGB,JPEG,78408,3,512,512,RGB,PNG,5908,3,True,76.5703125,5.76953125
gray_0216,gray_0216.jpg,gray_0216_mask.png,/kaggle/input/solar-cells-processed/solar_cell_ver4_/train_split/train/gray_0216.jpg,/kaggle/input/solar-cells-processed/solar_cell_ver4_/train_split/train/gray_0216_mask.png,train,512,512,RGB,JPEG,78348,3,512,512,RGB,PNG,2121,3,True,76.51171875,2.0712890625
gray_0024,gray_0024.jpg,gray_0024_mask.png,/kaggle/input/solar-cells-processed/solar_cell_ver4_/train_split/train/gray_0024.jpg,/kaggle/input/solar-cells-processed/solar_cell_ver4_/train_split/train/gray_0024_mask.png,train,512,512,RGB,JPEG,76163,3,512,512,RGB,PNG,2240,3,True,74.3779296875,2.1875
gray_0025,gray_0025.jpg,gray_0025_mask.png,/kaggle/input/solar-cells-processed/solar_cell_ver4_/train_split/train/gray_0025.jpg,/kaggle/input/solar-cells-processed/solar_cell_ver4_/train_split/train/gray_0025_mask.png,train,512,512,RGB,JPEG,73405,3,512,512,RGB,PNG,2279,3,True,71.6845703125,2.2255859375
rgb_0019,rgb_0019.jpg,rgb_0019_mask.png,/kaggle/input/solar-cells-processed/solar_cell_ver4_/train_split/train/rgb_0019.jpg,/kaggle/input/solar-cells-processed/solar_cell_ver4_/train_split/train/rgb_0019_mask.png,train,512,512,RGB,JPEG,31194,3,512,512,L,PNG,1884,2,True,30.462890625,1.83984375
gray_0124,gray_0124.jpg,gray_0124_mask.png,/kaggle/input/solar-cells-processed/solar_cell_ver4_/train_split/train/gray_0124.jpg,/kaggle/input/solar-cells-processed/solar_cell_ver4_/train_split/train/gray_0124_mask.png,train,512,512,RGB,JPEG,49257,3,512,512,RGB,PNG,6278,3,True,48.1025390625,6.130859375
gray_0131,gray_0131.jpg,gray_0131_mask.png,/kaggle/input/solar-cells-processed/solar_cell_ver4_/train_split/train/gray_0131.jpg,/kaggle/input/solar-cells-processed/solar_cell_ver4_/train_split/train/gray_0131_mask.png,train,512,512,RGB,JPEG,33819,3,512,512,RGB,PNG,3789,3,True,33.0263671875,3.7001953125
rgb_0026,rgb_0026.jpg,rgb_0026_mask.png,/kaggle/input/solar-cells-processed/solar_cell_ver4_/train_split/train/rgb_0026.jpg,/kaggle/input/solar-cells-processed/solar_cell_ver4_/train_split/train/rgb_0026_mask.png,train,512,512,RGB,JPEG,24007,3,512,512,L,PNG,1926,2,True,23.4443359375,1.880859375
gray_0085,gray_0085.jpg,gray_0085_mask.png,/kaggle/input/solar-cells-processed/solar_cell_ver4_/train_split/train/gray_0085.jpg,/kaggle/input/solar-cells-processed/solar_cell_ver4_/train_split/train/gray_0085_mask.png,train,512,512,RGB,JPEG,71083,3,512,512,RGB,PNG,3770,3,True,69.4169921875,3.681640625
gray_0230,gray_0230.jpg,gray_0230_mask.png,/kaggle/input/solar-cells-processed/solar_cell_ver4_/train_split/train/gray_0230.jpg,/kaggle/input/solar-cells-processed/solar_cell_ver4_/train_split/train/gray_0230_mask.png,train,512,512,RGB,JPEG,78336,3,512,512,RGB,PNG,2021,3,True,76.5,1.9736328125
gray_0122,gray_0122.jpg,gray_0122_mask.png,/kaggle/input/solar-cells-processed/solar_cell_ver4_/train_split/train/gray_0122.jpg,/kaggle/input/solar-cells-processed/solar_cell_ver4_/train_split/train/gray_0122_mask.png,train,512,512,RGB,JPEG,51670,3,512,512,RGB,PNG,4982,3,True,50.458984375,4.865234375
gray_0048,gray_0048.jpg,gray_0048_mask.png,/kaggle/input/solar-cells-processed/solar_cell_ver4_/train_split/train/gray_0048.jpg,/kaggle/input/solar-cells-processed/solar_cell_ver4_/train_split/train/gray_0048_mask.png,train,512,512,RGB,JPEG,81587,3,512,512,RGB,PNG,2816,3,True,79.6748046875,2.75
gray_0071,gray_0071.jpg,gray_0071_mask.png,/kaggle/input/solar-cells-processed/solar_cell_ver4_/train_split/train/gray_0071.jpg,/kaggle/input/solar-cells-processed/solar_cell_ver4_/train_split/train/gray_0071_mask.png,train,512,512,RGB,JPEG,33086,3,512,512,RGB,PNG,2236,3,True,32.310546875,2.18359375
rgb_0009,rgb_0009.jpg,rgb_0009_mask.png,/kaggle/input/solar-cells-processed/solar_cell_ver4_/train_split/train/rgb_0009.jpg,/kaggle/input/solar-cells-processed/solar_cell_ver4_/train_split/train/rgb_0009_mask.png,train,512,512,RGB,JPEG,33409,3,512,512,L,PNG,1698,2,True,32.6259765625,1.658203125
gray_0258,gray_0258.jpg,gray_0258_mask.png,/kaggle/input/solar-cells-processed/solar_cell_ver4_/train_split/train/gray_0258.jpg,/kaggle/input/solar-cells-processed/solar_cell_ver4_/train_split/train/gray_0258_mask.png,train,512,512,RGB,JPEG,64919,3,512,512,RGB,PNG,5611,3,True,63.3974609375,5.4794921875
gray_0264,gray_0264.jpg,gray_0264_mask.png,/kaggle/input/solar-cells-processed/solar_cell_ver4_/train_split/train/gray_0264.jpg,/kaggle/input/solar-cells-processed/solar_cell_ver4_/train_split/train/gray_0264_mask.png,train,512,512,RGB,JPEG,77786,3,512,512,RGB,PNG,2202,3,True,75.962890625,2.150390625
rgb_0005,rgb_0005.jpg,rgb_0005_mask.png,/kaggle/input/solar-cells-processed/solar_cell_ver4_/train_split/train/rgb_0005.jpg,/kaggle/input/solar-cells-processed/solar_cell_ver4_/train_split/train/rgb_0005_mask.png,train,512,512,RGB,JPEG,33458,3,512,512,L,PNG,1680,2,True,32.673828125,1.640625
gray_0101,gray_0101.jpg,gray_0101_mask.png,/kaggle/input/solar-cells-processed/solar_cell_ver4_/train_split/train/gray_0101.jpg,/kaggle/input/solar-cells-processed/solar_cell_ver4_/train_split/train/gray_0101_mask.png,train,512,512,RGB,JPEG,43524,3,512,512,RGB,PNG,2390,3,True,42.50390625,2.333984375
gray_0013,gray_0013.jpg,gray_0013_mask.png,/kaggle/input/solar-cells-processed/solar_cell_ver4_/train_split/train/gray_0013.jpg,/kaggle/input/solar-cells-processed/solar_cell_ver4_/train_split/train/gray_0013_mask.png,train,512,512,RGB,JPEG,88777,3,512,512,RGB,PNG,2253,3,True,86.6962890625,2.2001953125
gray_0090,gray_0090.jpg,gray_0090_mask.png,/kaggle/input/solar-cells-processed/solar_cell_ver4_/train_split/train/gray_0090.jpg,/kaggle/input/solar-cells-processed/solar_cell_ver4_/train_split/train/gray_0090_mask.png,train,512,512,RGB,JPEG,63670,3,512,512,RGB,PNG,2853,3,True,62.177734375,2.7861328125
gray_0172,gray_0172.jpg,gray_0172_mask.png,/kaggle/input/solar-cells-processed/solar_cell_ver4_/train_split/train/gray_0172.jpg,/kaggle/input/solar-cells-processed/solar_cell_ver4_/train_split/train/gray_0172_mask.png,train,512,512,RGB,JPEG,55854,3,512,512,RGB,PNG,5701,3,True,54.544921875,5.5673828125
gray_0002,gray_0002.jpg,gray_0002_mask.png,/kaggle/input/solar-cells-processed/solar_cell_ver4_/train_split/train/gray_0002.jpg,/kaggle/input/solar-cells-processed/solar_cell_ver4_/train_split/train/gray_0002_mask.png,train,512,512,RGB,JPEG,85483,3,512,512,RGB,PNG,1947,3,True,83.4794921875,1.9013671875
gray_0087,gray_0087.jpg,gray_0087_mask.png,/kaggle/input/solar-cells-processed/solar_cell_ver4_/train_split/train/gray_0087.jpg,/kaggle/input/solar-cells-processed/solar_cell_ver4_/train_split/train/gray_0087_mask.png,train,512,512,RGB,JPEG,52567,3,512,512,RGB,PNG,1984,3,True,51.3349609375,1.9375
rgb_0022,rgb_0022.jpg,rgb_0022_mask.png,/kaggle/input/solar-cells-processed/solar_cell_ver4_/train_split/train/rgb_0022.jpg,/kaggle/input/solar-cells-processed/solar_cell_ver4_/train_split/train/rgb_0022_mask.png,train,512,512,RGB,JPEG,29519,3,512,512,L,PNG,1343,2,True,28.8271484375,1.3115234375
gray_0103,gray_0103.jpg,gray_0103_mask.png,/kaggle/input/solar-cells-processed/solar_cell_ver4_/train_split/train/gray_0103.jpg,/kaggle/input/solar-cells-processed/solar_cell_ver4_/train_split/train/gray_0103_mask.png,train,512,512,RGB,JPEG,53420,3,512,512,RGB,PNG,2979,3,True,52.16796875,2.9091796875
gray_0195,gray_0195.jpg,gray_0195_mask.png,/kaggle/input/solar-cells-processed/solar_cell_ver4_/train_split/train/gray_0195.jpg,/kaggle/input/solar-cells-processed/solar_cell_ver4_/train_split/train/gray_0195_mask.png,train,512,512,RGB,JPEG,53967,3,512,512,RGB,PNG,6958,3,True,52.7021484375,6.794921875
gray_0213,gray_0213.jpg,gray_0213_mask.png,/kaggle/input/solar-cells-processed/solar_cell_ver4_/train_split/train/gray_0213.jpg,/kaggle/input/solar-cells-processed/solar_cell_ver4_/train_split/train/gray_0213_mask.png,train,512,512,RGB,JPEG,40844,3,512,512,RGB,PNG,5190,3,True,39.88671875,5.068359375
gray_0137,gray_0137.jpg,gray_0137_mask.png,/kaggle/input/solar-cells-processed/solar_cell_ver4_/train_split/train/gray_0137.jpg,/kaggle/input/solar-cells-processed/solar_cell_ver4_/train_split/train/gray_0137_mask.png,train,512,512,RGB,JPEG,43196,3,512,512,RGB,PNG,2529,3,True,42.18359375,2.4697265625
gray_0066,gray_0066.jpg,gray_0066_mask.png,/kaggle/input/solar-cells-processed/solar_cell_ver4_/train_split/train/gray_0066.jpg,/kaggle/input/solar-cells-processed/solar_cell_ver4_/train_split/train/gray_0066_mask.png,train,512,512,RGB,JPEG,64781,3,512,512,RGB,PNG,3018,3,True,63.2626953125,2.947265625
gray_0255,gray_0255.jpg,gray_0255_mask.png,/kaggle/input/solar-cells-processed/solar_cell_ver4_/train_split/train/gray_0255.jpg,/kaggle/input/solar-cells-processed/solar_cell_ver4_/train_split/train/gray_0255_mask.png,train,512,512,RGB,JPEG,72333,3,512,512,RGB,PNG,4964,3,True,70.6376953125,4.84765625
gray_0208,gray_0208.jpg,gray_0208_mask.png,/kaggle/input/solar-cells-processed/solar_cell_ver4_/train_split/train/gray_0208.jpg,/kaggle/input/solar-cells-processed/solar_cell_ver4_/train_split/train/gray_0208_mask.png,train,512,512,RGB,JPEG,17304,3,512,512,RGB,PNG,1969,3,True,16.8984375,1.9228515625
gray_0099,gray_0099.jpg,gray_0099_mask.png,/kaggle/input/solar-cells-processed/solar_cell_ver4_/train_split/train/gray_0099.jpg,/kaggle/input/solar-cells-processed/solar_cell_ver4_/train_split/train/gray_0099_mask.png,train,512,512,RGB,JPEG,53286,3,512,512,RGB,PNG,4100,3,True,52.037109375,4.00390625
gray_0244,gray_0244.jpg,gray_0244_mask.png,/kaggle/input/solar-cells-processed/solar_cell_ver4_/train_split/train/gray_0244.jpg,/kaggle/input/solar-cells-processed/solar_cell_ver4_/train_split/train/gray_0244_mask.png,train,512,512,RGB,JPEG,67696,3,512,512,RGB,PNG,6467,3,True,66.109375,6.3154296875
gray_0028,gray_0028.jpg,gray_0028_mask.png,/kaggle/input/solar-cells-processed/solar_cell_ver4_/train_split/train/gray_0028.jpg,/kaggle/input/solar-cells-processed/solar_cell_ver4_/train_split/train/gray_0028_mask.png,train,512,512,RGB,JPEG,70535,3,512,512,RGB,PNG,2201,3,True,68.8818359375,2.1494140625
gray_0059,gray_0059.jpg,gray_0059_mask.png,/kaggle/input/solar-cells-processed/solar_cell_ver4_/train_split/train/gray_0059.jpg,/kaggle/input/solar-cells-processed/solar_cell_ver4_/train_split/train/gray_0059_mask.png,train,512,512,RGB,JPEG,65456,3,512,512,RGB,PNG,5695,3,True,63.921875,5.5615234375
rgb_0034,rgb_0034.jpg,rgb_0034_mask.png,/kaggle/input/solar-cells-processed/solar_cell_ver4_/train_split/train/rgb_0034.jpg,/kaggle/input/solar-cells-processed/solar_cell_ver4_/train_split/train/rgb_0034_mask.png,train,512,512,RGB,JPEG,24193,3,512,512,L,PNG,1920,2,True,23.6259765625,1.875
gray_0247,gray_0247.jpg,gray_0247_mask.png,/kaggle/input/solar-cells-processed/solar_cell_ver4_/train_split/train/gray_0247.jpg,/kaggle/input/solar-cells-processed/solar_cell_ver4_/train_split/train/gray_0247_mask.png,train,512,512,RGB,JPEG,51737,3,512,512,RGB,PNG,3170,3,True,50.5244140625,3.095703125
rgb_0023,rgb_0023.jpg,rgb_0023_mask.png,/kaggle/input/solar-cells-processed/solar_cell_ver4_/train_split/train/rgb_0023.jpg,/kaggle/input/solar-cells-processed/solar_cell_ver4_/train_split/train/rgb_0023_mask.png,train,512,512,RGB,JPEG,31719,3,512,512,L,PNG,1286,2,True,30.9755859375,1.255859375
gray_0086,gray_0086.jpg,gray_0086_mask.png,/kaggle/input/solar-cells-processed/solar_cell_ver4_/train_split/train/gray_0086.jpg,/kaggle/input/solar-cells-processed/solar_cell_ver4_/train_split/train/gray_0086_mask.png,train,512,512,RGB,JPEG,52602,3,512,512,RGB,PNG,1984,3,True,51.369140625,1.9375
gray_0116,gray_0116.jpg,gray_0116_mask.png,/kaggle/input/solar-cells-processed/solar_cell_ver4_/train_split/train/gray_0116.jpg,/kaggle/input/solar-cells-processed/solar_cell_ver4_/train_split/train/gray_0116_mask.png,train,512,512,RGB,JPEG,53193,3,512,512,RGB,PNG,6623,3,True,51.9462890625,6.4677734375
gray_0156,gray_0156.jpg,gray_0156_mask.png,/kaggle/input/solar-cells-processed/solar_cell_ver4_/train_split/train/gray_0156.jpg,/kaggle/input/solar-cells-processed/solar_cell_ver4_/train_split/train/gray_0156_mask.png,train,512,512,RGB,JPEG,70621,3,512,512,RGB,PNG,12152,3,True,68.9658203125,11.8671875
gray_0188,gray_0188.jpg,gray_0188_mask.png,/kaggle/input/solar-cells-processed/solar_cell_ver4_/train_split/train/gray_0188.jpg,/kaggle/input/solar-cells-processed/solar_cell_ver4_/train_split/train/gray_0188_mask.png,train,512,512,RGB,JPEG,54432,3,512,512,RGB,PNG,2439,3,True,53.15625,2.3818359375
gray_0151,gray_0151.jpg,gray_0151_mask.png,/kaggle/input/solar-cells-processed/solar_cell_ver4_/train_split/train/gray_0151.jpg,/kaggle/input/solar-cells-processed/solar_cell_ver4_/train_split/train/gray_0151_mask.png,train,512,512,RGB,JPEG,42729,3,512,512,RGB,PNG,9178,3,True,41.7275390625,8.962890625
gray_0033,gray_0033.jpg,gray_0033_mask.png,/kaggle/input/solar-cells-processed/solar_cell_ver4_/train_split/train/gray_0033.jpg,/kaggle/input/solar-cells-processed/solar_cell_ver4_/train_split/train/gray_0033_mask.png,train,512,512,RGB,JPEG,74006,3,512,512,RGB,PNG,2886,3,True,72.271484375,2.818359375
gray_0248,gray_0248.jpg,gray_0248_mask.png,/kaggle/input/solar-cells-processed/solar_cell_ver4_/train_split/train/gray_0248.jpg,/kaggle/input/solar-cells-processed/solar_cell_ver4_/train_split/train/gray_0248_mask.png,train,512,512,RGB,JPEG,51717,3,512,512,RGB,PNG,3270,3,True,50.5048828125,3.193359375
gray_0042,gray_0042.jpg,gray_0042_mask.png,/kaggle/input/solar-cells-processed/solar_cell_ver4_/train_split/train/gray_0042.jpg,/kaggle/input/solar-cells-processed/solar_cell_ver4_/train_split/train/gray_0042_mask.png,train,512,512,RGB,JPEG,79582,3,512,512,RGB,PNG,2211,3,True,77.716796875,2.1591796875
gray_0038,gray_0038.jpg,gray_0038_mask.png,/kaggle/input/solar-cells-processed/solar_cell_ver4_/train_split/train/gray_0038.jpg,/kaggle/input/solar-cells-processed/solar_cell_ver4_/train_split/train/gray_0038_mask.png,train,512,512,RGB,JPEG,72320,3,512,512,RGB,PNG,2272,3,True,70.625,2.21875
gray_0141,gray_0141.jpg,gray_0141_mask.png,/kaggle/input/solar-cells-processed/solar_cell_ver4_/train_split/train/gray_0141.jpg,/kaggle/input/solar-cells-processed/solar_cell_ver4_/train_split/train/gray_0141_mask.png,train,512,512,RGB,JPEG,55497,3,512,512,RGB,PNG,2156,3,True,54.1962890625,2.10546875
gray_0022,gray_0022.jpg,gray_0022_mask.png,/kaggle/input/solar-cells-processed/solar_cell_ver4_/train_split/train/gray_0022.jpg,/kaggle/input/solar-cells-processed/solar_cell_ver4_/train_split/train/gray_0022_mask.png,train,512,512,RGB,JPEG,76044,3,512,512,RGB,PNG,2215,3,True,74.26171875,2.1630859375
gray_0190,gray_0190.jpg,gray_0190_mask.png,/kaggle/input/solar-cells-processed/solar_cell_ver4_/train_split/train/gray_0190.jpg,/kaggle/input/solar-cells-processed/solar_cell_ver4_/train_split/train/gray_0190_mask.png,train,512,512,RGB,JPEG,41264,3,512,512,RGB,PNG,3726,3,True,40.296875,3.638671875
gray_0245,gray_0245.jpg,gray_0245_mask.png,/kaggle/input/solar-cells-processed/solar_cell_ver4_/train_split/train/gray_0245.jpg,/kaggle/input/solar-cells-processed/solar_cell_ver4_/train_split/train/gray_0245_mask.png,train,512,512,RGB,JPEG,67775,3,512,512,RGB,PNG,6264,3,True,66.1865234375,6.1171875
gray_0049,gray_0049.jpg,gray_0049_mask.png,/kaggle/input/solar-cells-processed/solar_cell_ver4_/train_split/train/gray_0049.jpg,/kaggle/input/solar-cells-processed/solar_cell_ver4_/train_split/train/gray_0049_mask.png,train,512,512,RGB,JPEG,81590,3,512,512,RGB,PNG,2815,3,True,79.677734375,2.7490234375
rgb_0017,rgb_0017.jpg,rgb_0017_mask.png,/kaggle/input/solar-cells-processed/solar_cell_ver4_/train_split/train/rgb_0017.jpg,/kaggle/input/solar-cells-processed/solar_cell_ver4_/train_split/train/rgb_0017_mask.png,train,512,512,RGB,JPEG,29128,3,512,512,L,PNG,1749,2,True,28.4453125,1.7080078125
rgb_0010,rgb_0010.jpg,rgb_0010_mask.png,/kaggle/input/solar-cells-processed/solar_cell_ver4_/train_split/train/rgb_0010.jpg,/kaggle/input/solar-cells-processed/solar_cell_ver4_/train_split/train/rgb_0010_mask.png,train,512,512,RGB,JPEG,29718,3,512,512,L,PNG,2245,2,True,29.021484375,2.1923828125
gray_0256,gray_0256.jpg,gray_0256_mask.png,/kaggle/input/solar-cells-processed/solar_cell_ver4_/train_split/train/gray_0256.jpg,/kaggle/input/solar-cells-processed/solar_cell_ver4_/train_split/train/gray_0256_mask.png,train,512,512,RGB,JPEG,68160,3,512,512,RGB,PNG,2762,3,True,66.5625,2.697265625
gray_0150,gray_0150.jpg,gray_0150_mask.png,/kaggle/input/solar-cells-processed/solar_cell_ver4_/train_split/train/gray_0150.jpg,/kaggle/input/solar-cells-processed/solar_cell_ver4_/train_split/train/gray_0150_mask.png,train,512,512,RGB,JPEG,42768,3,512,512,RGB,PNG,8987,3,True,41.765625,8.7763671875
gray_0241,gray_0241.jpg,gray_0241_mask.png,/kaggle/input/solar-cells-processed/solar_cell_ver4_/train_split/train/gray_0241.jpg,/kaggle/input/solar-cells-processed/solar_cell_ver4_/train_split/train/gray_0241_mask.png,train,512,512,RGB,JPEG,61520,3,512,512,RGB,PNG,5420,3,True,60.078125,5.29296875
gray_0126,gray_0126.jpg,gray_0126_mask.png,/kaggle/input/solar-cells-processed/solar_cell_ver4_/train_split/train/gray_0126.jpg,/kaggle/input/solar-cells-processed/solar_cell_ver4_/train_split/train/gray_0126_mask.png,train,512,512,RGB,JPEG,49291,3,512,512,RGB,PNG,6278,3,True,48.1357421875,6.130859375
rgb_0042,rgb_0042.jpg,rgb_0042_mask.png,/kaggle/input/solar-cells-processed/solar_cell_ver4_/train_split/train/rgb_0042.jpg,/kaggle/input/solar-cells-processed/solar_cell_ver4_/train_split/train/rgb_0042_mask.png,train,512,512,RGB,JPEG,20168,3,512,512,L,PNG,1948,2,True,19.6953125,1.90234375
gray_0196,gray_0196.jpg,gray_0196_mask.png,/kaggle/input/solar-cells-processed/solar_cell_ver4_/train_split/train/gray_0196.jpg,/kaggle/input/solar-cells-processed/solar_cell_ver4_/train_split/train/gray_0196_mask.png,train,512,512,RGB,JPEG,41975,3,512,512,RGB,PNG,1831,3,True,40.9912109375,1.7880859375
gray_0069,gray_0069.jpg,gray_0069_mask.png,/kaggle/input/solar-cells-processed/solar_cell_ver4_/train_split/train/gray_0069.jpg,/kaggle/input/solar-cells-processed/solar_cell_ver4_/train_split/train/gray_0069_mask.png,train,512,512,RGB,JPEG,112994,3,512,512,RGB,PNG,6889,3,True,110.345703125,6.7275390625
rgb_0043,rgb_0043.jpg,rgb_0043_mask.png,/kaggle/input/solar-cells-processed/solar_cell_ver4_/train_split/train/rgb_0043.jpg,/kaggle/input/solar-cells-processed/solar_cell_ver4_/train_split/train/rgb_0043_mask.png,train,512,512,RGB,JPEG,23532,3,512,512,L,PNG,2149,2,True,22.98046875,2.0986328125
gray_0051,gray_0051.jpg,gray_0051_mask.png,/kaggle/input/solar-cells-processed/solar_cell_ver4_/train_split/train/gray_0051.jpg,/kaggle/input/solar-cells-processed/solar_cell_ver4_/train_split/train/gray_0051_mask.png,train,512,512,RGB,JPEG,81093,3,512,512,RGB,PNG,2393,3,True,79.1923828125,2.3369140625
gray_0184,gray_0184.jpg,gray_0184_mask.png,/kaggle/input/solar-cells-processed/solar_cell_ver4_/train_split/train/gray_0184.jpg,/kaggle/input/solar-cells-processed/solar_cell_ver4_/train_split/train/gray_0184_mask.png,train,512,512,RGB,JPEG,55897,3,512,512,RGB,PNG,2217,3,True,54.5869140625,2.1650390625
gray_0036,gray_0036.jpg,gray_0036_mask.png,/kaggle/input/solar-cells-processed/solar_cell_ver4_/train_split/train/gray_0036.jpg,/kaggle/input/solar-cells-processed/solar_cell_ver4_/train_split/train/gray_0036_mask.png,train,512,512,RGB,JPEG,73840,3,512,512,RGB,PNG,2263,3,True,72.109375,2.2099609375
gray_0128,gray_0128.jpg,gray_0128_mask.png,/kaggle/input/solar-cells-processed/solar_cell_ver4_/train_split/train/gray_0128.jpg,/kaggle/input/solar-cells-processed/solar_cell_ver4_/train_split/train/gray_0128_mask.png,train,512,512,RGB,JPEG,47297,3,512,512,RGB,PNG,2685,3,True,46.1884765625,2.6220703125
gray_0179,gray_0179.jpg,gray_0179_mask.png,/kaggle/input/solar-cells-processed/solar_cell_ver4_/train_split/train/gray_0179.jpg,/kaggle/input/solar-cells-processed/solar_cell_ver4_/train_split/train/gray_0179_mask.png,train,512,512,RGB,JPEG,52579,3,512,512,RGB,PNG,3135,3,True,51.3466796875,3.0615234375
gray_0016,gray_0016.jpg,gray_0016_mask.png,/kaggle/input/solar-cells-processed/solar_cell_ver4_/train_split/train/gray_0016.jpg,/kaggle/input/solar-cells-processed/solar_cell_ver4_/train_split/train/gray_0016_mask.png,train,512,512,RGB,JPEG,81970,3,512,512,RGB,PNG,2281,3,True,80.048828125,2.2275390625
gray_0044,gray_0044.jpg,gray_0044_mask.png,/kaggle/input/solar-cells-processed/solar_cell_ver4_/train_split/train/gray_0044.jpg,/kaggle/input/solar-cells-processed/solar_cell_ver4_/train_split/train/gray_0044_mask.png,train,512,512,RGB,JPEG,78148,3,512,512,RGB,PNG,2257,3,True,76.31640625,2.2041015625
gray_0031,gray_0031.jpg,gray_0031_mask.png,/kaggle/input/solar-cells-processed/solar_cell_ver4_/train_split/train/gray_0031.jpg,/kaggle/input/solar-cells-processed/solar_cell_ver4_/train_split/train/gray_0031_mask.png,train,512,512,RGB,JPEG,73802,3,512,512,RGB,PNG,2838,3,True,72.072265625,2.771484375
gray_0231,gray_0231.jpg,gray_0231_mask.png,/kaggle/input/solar-cells-processed/solar_cell_ver4_/train_split/train/gray_0231.jpg,/kaggle/input/solar-cells-processed/solar_cell_ver4_/train_split/train/gray_0231_mask.png,train,512,512,RGB,JPEG,88149,3,512,512,RGB,PNG,7204,3,True,86.0830078125,7.03515625
gray_0238,gray_0238.jpg,gray_0238_mask.png,/kaggle/input/solar-cells-processed/solar_cell_ver4_/train_split/train/gray_0238.jpg,/kaggle/input/solar-cells-processed/solar_cell_ver4_/train_split/train/gray_0238_mask.png,train,512,512,RGB,JPEG,83213,3,512,512,RGB,PNG,2965,3,True,81.2626953125,2.8955078125
gray_0169,gray_0169.jpg,gray_0169_mask.png,/kaggle/input/solar-cells-processed/solar_cell_ver4_/train_split/train/gray_0169.jpg,/kaggle/input/solar-cells-processed/solar_cell_ver4_/train_split/train/gray_0169_mask.png,train,512,512,RGB,JPEG,74482,3,512,512,RGB,PNG,4225,3,True,72.736328125,4.1259765625
gray_0130,gray_0130.jpg,gray_0130_mask.png,/kaggle/input/solar-cells-processed/solar_cell_ver4_/train_split/train/gray_0130.jpg,/kaggle/input/solar-cells-processed/solar_cell_ver4_/train_split/train/gray_0130_mask.png,train,512,512,RGB,JPEG,46900,3,512,512,RGB,PNG,2295,3,True,45.80078125,2.2412109375
gray_0272,gray_0272.jpg,gray_0272_mask.png,/kaggle/input/solar-cells-processed/solar_cell_ver4_/train_split/train/gray_0272.jpg,/kaggle/input/solar-cells-processed/solar_cell_ver4_/train_split/train/gray_0272_mask.png,train,512,512,RGB,JPEG,47508,3,512,512,RGB,PNG,2444,3,True,46.39453125,2.38671875
gray_0054,gray_0054.jpg,gray_0054_mask.png,/kaggle/input/solar-cells-processed/solar_cell_ver4_/train_split/train/gray_0054.jpg,/kaggle/input/solar-cells-processed/solar_cell_ver4_/train_split/train/gray_0054_mask.png,train,512,512,RGB,JPEG,122138,3,512,512,RGB,PNG,4634,3,True,119.275390625,4.525390625
gray_0175,gray_0175.jpg,gray_0175_mask.png,/kaggle/input/solar-cells-processed/solar_cell_ver4_/train_split/train/gray_0175.jpg,/kaggle/input/solar-cells-processed/solar_cell_ver4_/train_split/train/gray_0175_mask.png,train,512,512,RGB,JPEG,82068,3,512,512,RGB,PNG,4908,3,True,80.14453125,4.79296875
gray_0194,gray_0194.jpg,gray_0194_mask.png,/kaggle/input/solar-cells-processed/solar_cell_ver4_/train_split/train/gray_0194.jpg,/kaggle/input/solar-cells-processed/solar_cell_ver4_/train_split/train/gray_0194_mask.png,train,512,512,RGB,JPEG,53937,3,512,512,RGB,PNG,6884,3,True,52.6728515625,6.72265625
gray_0167,gray_0167.jpg,gray_0167_mask.png,/kaggle/input/solar-cells-processed/solar_cell_ver4_/train_split/train/gray_0167.jpg,/kaggle/input/solar-cells-processed/solar_cell_ver4_/train_split/train/gray_0167_mask.png,train,512,512,RGB,JPEG,74454,3,512,512,RGB,PNG,4265,3,True,72.708984375,4.1650390625
rgb_0021,rgb_0021.jpg,rgb_0021_mask.png,/kaggle/input/solar-cells-processed/solar_cell_ver4_/train_split/train/rgb_0021.jpg,/kaggle/input/solar-cells-processed/solar_cell_ver4_/train_split/train/rgb_0021_mask.png,train,512,512,RGB,JPEG,32274,3,512,512,L,PNG,1884,2,True,31.517578125,1.83984375
gray_0080,gray_0080.jpg,gray_0080_mask.png,/kaggle/input/solar-cells-processed/solar_cell_ver4_/train_split/train/gray_0080.jpg,/kaggle/input/solar-cells-processed/solar_cell_ver4_/train_split/train/gray_0080_mask.png,train,512,512,RGB,JPEG,48928,3,512,512,RGB,PNG,1875,3,True,47.78125,1.8310546875
gray_0082,gray_0082.jpg,gray_0082_mask.png,/kaggle/input/solar-cells-processed/solar_cell_ver4_/train_split/train/gray_0082.jpg,/kaggle/input/solar-cells-processed/solar_cell_ver4_/train_split/train/gray_0082_mask.png,train,512,512,RGB,JPEG,29188,3,512,512,RGB,PNG,2299,3,True,28.50390625,2.2451171875
gray_0092,gray_0092.jpg,gray_0092_mask.png,/kaggle/input/solar-cells-processed/solar_cell_ver4_/train_split/train/gray_0092.jpg,/kaggle/input/solar-cells-processed/solar_cell_ver4_/train_split/train/gray_0092_mask.png,train,512,512,RGB,JPEG,50275,3,512,512,RGB,PNG,3037,3,True,49.0966796875,2.9658203125
gray_0023,gray_0023.jpg,gray_0023_mask.png,/kaggle/input/solar-cells-processed/solar_cell_ver4_/train_split/train/gray_0023.jpg,/kaggle/input/solar-cells-processed/solar_cell_ver4_/train_split/train/gray_0023_mask.png,train,512,512,RGB,JPEG,76088,3,512,512,RGB,PNG,2215,3,True,74.3046875,2.1630859375
gray_0118,gray_0118.jpg,gray_0118_mask.png,/kaggle/input/solar-cells-processed/solar_cell_ver4_/train_split/train/gray_0118.jpg,/kaggle/input/solar-cells-processed/solar_cell_ver4_/train_split/train/gray_0118_mask.png,train,512,512,RGB,JPEG,35126,3,512,512,RGB,PNG,4634,3,True,34.302734375,4.525390625
gray_0159,gray_0159.jpg,gray_0159_mask.png,/kaggle/input/solar-cells-processed/solar_cell_ver4_/train_split/train/gray_0159.jpg,/kaggle/input/solar-cells-processed/solar_cell_ver4_/train_split/train/gray_0159_mask.png,train,512,512,RGB,JPEG,46180,3,512,512,RGB,PNG,4315,3,True,45.09765625,4.2138671875
gray_0223,gray_0223.jpg,gray_0223_mask.png,/kaggle/input/solar-cells-processed/solar_cell_ver4_/train_split/train/gray_0223.jpg,/kaggle/input/solar-cells-processed/solar_cell_ver4_/train_split/train/gray_0223_mask.png,train,512,512,RGB,JPEG,78819,3,512,512,RGB,PNG,8084,3,True,76.9716796875,7.89453125
gray_0050,gray_0050.jpg,gray_0050_mask.png,/kaggle/input/solar-cells-processed/solar_cell_ver4_/train_split/train/gray_0050.jpg,/kaggle/input/solar-cells-processed/solar_cell_ver4_/train_split/train/gray_0050_mask.png,train,512,512,RGB,JPEG,81625,3,512,512,RGB,PNG,2816,3,True,79.7119140625,2.75
gray_0020,gray_0020.jpg,gray_0020_mask.png,/kaggle/input/solar-cells-processed/solar_cell_ver4_/train_split/train/gray_0020.jpg,/kaggle/input/solar-cells-processed/solar_cell_ver4_/train_split/train/gray_0020_mask.png,train,512,512,RGB,JPEG,76399,3,512,512,RGB,PNG,1946,3,True,74.6083984375,1.900390625
gray_0239,gray_0239.jpg,gray_0239_mask.png,/kaggle/input/solar-cells-processed/solar_cell_ver4_/train_split/train/gray_0239.jpg,/kaggle/input/solar-cells-processed/solar_cell_ver4_/train_split/train/gray_0239_mask.png,train,512,512,RGB,JPEG,83309,3,512,512,RGB,PNG,2957,3,True,81.3564453125,2.8876953125
gray_0057,gray_0057.jpg,gray_0057_mask.png,/kaggle/input/solar-cells-processed/solar_cell_ver4_/train_split/train/gray_0057.jpg,/kaggle/input/solar-cells-processed/solar_cell_ver4_/train_split/train/gray_0057_mask.png,train,512,512,RGB,JPEG,122423,3,512,512,RGB,PNG,5503,3,True,119.5537109375,5.3740234375
gray_0214,gray_0214.jpg,gray_0214_mask.png,/kaggle/input/solar-cells-processed/solar_cell_ver4_/train_split/train/gray_0214.jpg,/kaggle/input/solar-cells-processed/solar_cell_ver4_/train_split/train/gray_0214_mask.png,train,512,512,RGB,JPEG,65055,3,512,512,RGB,PNG,1896,3,True,63.5302734375,1.8515625
gray_0254,gray_0254.jpg,gray_0254_mask.png,/kaggle/input/solar-cells-processed/solar_cell_ver4_/train_split/train/gray_0254.jpg,/kaggle/input/solar-cells-processed/solar_cell_ver4_/train_split/train/gray_0254_mask.png,train,512,512,RGB,JPEG,72349,3,512,512,RGB,PNG,5015,3,True,70.6533203125,4.8974609375
gray_0149,gray_0149.jpg,gray_0149_mask.png,/kaggle/input/solar-cells-processed/solar_cell_ver4_/train_split/train/gray_0149.jpg,/kaggle/input/solar-cells-processed/solar_cell_ver4_/train_split/train/gray_0149_mask.png,train,512,512,RGB,JPEG,90469,3,512,512,RGB,PNG,3460,3,True,88.3486328125,3.37890625
gray_0018,gray_0018.jpg,gray_0018_mask.png,/kaggle/input/solar-cells-processed/solar_cell_ver4_/train_split/train/gray_0018.jpg,/kaggle/input/solar-cells-processed/solar_cell_ver4_/train_split/train/gray_0018_mask.png,train,512,512,RGB,JPEG,76369,3,512,512,RGB,PNG,1927,3,True,74.5791015625,1.8818359375
gray_0001,gray_0001.jpg,gray_0001_mask.png,/kaggle/input/solar-cells-processed/solar_cell_ver4_/train_split/train/gray_0001.jpg,/kaggle/input/solar-cells-processed/solar_cell_ver4_/train_split/train/gray_0001_mask.png,train,512,512,RGB,JPEG,85515,3,512,512,RGB,PNG,1947,3,True,83.5107421875,1.9013671875
gray_0053,gray_0053.jpg,gray_0053_mask.png,/kaggle/input/solar-cells-processed/solar_cell_ver4_/train_split/train/gray_0053.jpg,/kaggle/input/solar-cells-processed/solar_cell_ver4_/train_split/train/gray_0053_mask.png,train,512,512,RGB,JPEG,81178,3,512,512,RGB,PNG,2393,3,True,79.275390625,2.3369140625
rgb_0033,rgb_0033.jpg,rgb_0033_mask.png,/kaggle/input/solar-cells-processed/solar_cell_ver4_/train_split/train/rgb_0033.jpg,/kaggle/input/solar-cells-processed/solar_cell_ver4_/train_split/train/rgb_0033_mask.png,train,512,512,RGB,JPEG,25168,3,512,512,L,PNG,1781,2,True,24.578125,1.7392578125
gray_0249,gray_0249.jpg,gray_0249_mask.png,/kaggle/input/solar-cells-processed/solar_cell_ver4_/train_split/train/gray_0249.jpg,/kaggle/input/solar-cells-processed/solar_cell_ver4_/train_split/train/gray_0249_mask.png,train,512,512,RGB,JPEG,53604,3,512,512,RGB,PNG,9838,3,True,52.34765625,9.607421875
gray_0171,gray_0171.jpg,gray_0171_mask.png,/kaggle/input/solar-cells-processed/solar_cell_ver4_/train_split/train/gray_0171.jpg,/kaggle/input/solar-cells-processed/solar_cell_ver4_/train_split/train/gray_0171_mask.png,train,512,512,RGB,JPEG,55846,3,512,512,RGB,PNG,5790,3,True,54.537109375,5.654296875
gray_0136,gray_0136.jpg,gray_0136_mask.png,/kaggle/input/solar-cells-processed/solar_cell_ver4_/train_split/train/gray_0136.jpg,/kaggle/input/solar-cells-processed/solar_cell_ver4_/train_split/train/gray_0136_mask.png,train,512,512,RGB,JPEG,53622,3,512,512,RGB,PNG,1814,3,True,52.365234375,1.771484375
gray_0037,gray_0037.jpg,gray_0037_mask.png,/kaggle/input/solar-cells-processed/solar_cell_ver4_/train_split/train/gray_0037.jpg,/kaggle/input/solar-cells-processed/solar_cell_ver4_/train_split/train/gray_0037_mask.png,train,512,512,RGB,JPEG,72384,3,512,512,RGB,PNG,2277,3,True,70.6875,2.2236328125
gray_0229,gray_0229.jpg,gray_0229_mask.png,/kaggle/input/solar-cells-processed/solar_cell_ver4_/train_split/train/gray_0229.jpg,/kaggle/input/solar-cells-processed/solar_cell_ver4_/train_split/train/gray_0229_mask.png,train,512,512,RGB,JPEG,78379,3,512,512,RGB,PNG,2021,3,True,76.5419921875,1.9736328125
gray_0262,gray_0262.jpg,gray_0262_mask.png,/kaggle/input/solar-cells-processed/solar_cell_ver4_/train_split/train/gray_0262.jpg,/kaggle/input/solar-cells-processed/solar_cell_ver4_/train_split/train/gray_0262_mask.png,train,512,512,RGB,JPEG,77794,3,512,512,RGB,PNG,2202,3,True,75.970703125,2.150390625
gray_0096,gray_0096.jpg,gray_0096_mask.png,/kaggle/input/solar-cells-processed/solar_cell_ver4_/train_split/train/gray_0096.jpg,/kaggle/input/solar-cells-processed/solar_cell_ver4_/train_split/train/gray_0096_mask.png,train,512,512,RGB,JPEG,31817,3,512,512,RGB,PNG,2444,3,True,31.0712890625,2.38671875
gray_0041,gray_0041.jpg,gray_0041_mask.png,/kaggle/input/solar-cells-processed/solar_cell_ver4_/train_split/train/gray_0041.jpg,/kaggle/input/solar-cells-processed/solar_cell_ver4_/train_split/train/gray_0041_mask.png,train,512,512,RGB,JPEG,75085,3,512,512,RGB,PNG,1925,3,True,73.3251953125,1.8798828125
gray_0183,gray_0183.jpg,gray_0183_mask.png,/kaggle/input/solar-cells-processed/solar_cell_ver4_/train_split/train/gray_0183.jpg,/kaggle/input/solar-cells-processed/solar_cell_ver4_/train_split/train/gray_0183_mask.png,train,512,512,RGB,JPEG,51878,3,512,512,RGB,PNG,2702,3,True,50.662109375,2.638671875
gray_0113,gray_0113.jpg,gray_0113_mask.png,/kaggle/input/solar-cells-processed/solar_cell_ver4_/train_split/train/gray_0113.jpg,/kaggle/input/solar-cells-processed/solar_cell_ver4_/train_split/train/gray_0113_mask.png,train,512,512,RGB,JPEG,43217,3,512,512,RGB,PNG,2981,3,True,42.2041015625,2.9111328125
gray_0055,gray_0055.jpg,gray_0055_mask.png,/kaggle/input/solar-cells-processed/solar_cell_ver4_/train_split/train/gray_0055.jpg,/kaggle/input/solar-cells-processed/solar_cell_ver4_/train_split/train/gray_0055_mask.png,train,512,512,RGB,JPEG,122061,3,512,512,RGB,PNG,4729,3,True,119.2001953125,4.6181640625
gray_0084,gray_0084.jpg,gray_0084_mask.png,/kaggle/input/solar-cells-processed/solar_cell_ver4_/train_split/train/gray_0084.jpg,/kaggle/input/solar-cells-processed/solar_cell_ver4_/train_split/train/gray_0084_mask.png,train,512,512,RGB,JPEG,71108,3,512,512,RGB,PNG,3718,3,True,69.44140625,3.630859375
gray_0224,gray_0224.jpg,gray_0224_mask.png,/kaggle/input/solar-cells-processed/solar_cell_ver4_/train_split/train/gray_0224.jpg,/kaggle/input/solar-cells-processed/solar_cell_ver4_/train_split/train/gray_0224_mask.png,train,512,512,RGB,JPEG,50140,3,512,512,RGB,PNG,2109,3,True,48.96484375,2.0595703125
gray_0234,gray_0234.jpg,gray_0234_mask.png,/kaggle/input/solar-cells-processed/solar_cell_ver4_/train_split/train/gray_0234.jpg,/kaggle/input/solar-cells-processed/solar_cell_ver4_/train_split/train/gray_0234_mask.png,train,512,512,RGB,JPEG,50242,3,512,512,RGB,PNG,8538,3,True,49.064453125,8.337890625
gray_0003,gray_0003.jpg,gray_0003_mask.png,/kaggle/input/solar-cells-processed/solar_cell_ver4_/train_split/train/gray_0003.jpg,/kaggle/input/solar-cells-processed/solar_cell_ver4_/train_split/train/gray_0003_mask.png,train,512,512,RGB,JPEG,79752,3,512,512,RGB,PNG,2073,3,True,77.8828125,2.0244140625
gray_0112,gray_0112.jpg,gray_0112_mask.png,/kaggle/input/solar-cells-processed/solar_cell_ver4_/train_split/train/gray_0112.jpg,/kaggle/input/solar-cells-processed/solar_cell_ver4_/train_split/train/gray_0112_mask.png,train,512,512,RGB,JPEG,43327,3,512,512,RGB,PNG,2981,3,True,42.3115234375,2.9111328125
gray_0269,gray_0269.jpg,gray_0269_mask.png,/kaggle/input/solar-cells-processed/solar_cell_ver4_/train_split/train/gray_0269.jpg,/kaggle/input/solar-cells-processed/solar_cell_ver4_/train_split/train/gray_0269_mask.png,train,512,512,RGB,JPEG,39223,3,512,512,RGB,PNG,3194,3,True,38.3037109375,3.119140625
gray_0252,gray_0252.jpg,gray_0252_mask.png,/kaggle/input/solar-cells-processed/solar_cell_ver4_/train_split/train/gray_0252.jpg,/kaggle/input/solar-cells-processed/solar_cell_ver4_/train_split/train/gray_0252_mask.png,train,512,512,RGB,JPEG,66406,3,512,512,RGB,PNG,6811,3,True,64.849609375,6.6513671875
rgb_0029,rgb_0029.jpg,rgb_0029_mask.png,/kaggle/input/solar-cells-processed/solar_cell_ver4_/train_split/train/rgb_0029.jpg,/kaggle/input/solar-cells-processed/solar_cell_ver4_/train_split/train/rgb_0029_mask.png,train,512,512,RGB,JPEG,27088,3,512,512,L,PNG,1980,2,True,26.453125,1.93359375
gray_0032,gray_0032.jpg,gray_0032_mask.png,/kaggle/input/solar-cells-processed/solar_cell_ver4_/train_split/train/gray_0032.jpg,/kaggle/input/solar-cells-processed/solar_cell_ver4_/train_split/train/gray_0032_mask.png,train,512,512,RGB,JPEG,73794,3,512,512,RGB,PNG,2837,3,True,72.064453125,2.7705078125
gray_0205,gray_0205.jpg,gray_0205_mask.png,/kaggle/input/solar-cells-processed/solar_cell_ver4_/train_split/train/gray_0205.jpg,/kaggle/input/solar-cells-processed/solar_cell_ver4_/train_split/train/gray_0205_mask.png,train,512,512,RGB,JPEG,24686,3,512,512,RGB,PNG,5938,3,True,24.107421875,5.798828125
gray_0073,gray_0073.jpg,gray_0073_mask.png,/kaggle/input/solar-cells-processed/solar_cell_ver4_/train_split/train/gray_0073.jpg,/kaggle/input/solar-cells-processed/solar_cell_ver4_/train_split/train/gray_0073_mask.png,train,512,512,RGB,JPEG,45012,3,512,512,RGB,PNG,2540,3,True,43.95703125,2.48046875
gray_0040,gray_0040.jpg,gray_0040_mask.png,/kaggle/input/solar-cells-processed/solar_cell_ver4_/train_split/train/gray_0040.jpg,/kaggle/input/solar-cells-processed/solar_cell_ver4_/train_split/train/gray_0040_mask.png,train,512,512,RGB,JPEG,75210,3,512,512,RGB,PNG,1925,3,True,73.447265625,1.8798828125
gray_0106,gray_0106.jpg,gray_0106_mask.png,/kaggle/input/solar-cells-processed/solar_cell_ver4_/train_split/train/gray_0106.jpg,/kaggle/input/solar-cells-processed/solar_cell_ver4_/train_split/train/gray_0106_mask.png,train,512,512,RGB,JPEG,60843,3,512,512,RGB,PNG,2282,3,True,59.4169921875,2.228515625
gray_0219,gray_0219.jpg,gray_0219_mask.png,/kaggle/input/solar-cells-processed/solar_cell_ver4_/train_split/train/gray_0219.jpg,/kaggle/input/solar-cells-processed/solar_cell_ver4_/train_split/train/gray_0219_mask.png,train,512,512,RGB,JPEG,75418,3,512,512,RGB,PNG,1971,3,True,73.650390625,1.9248046875
gray_0261,gray_0261.jpg,gray_0261_mask.png,/kaggle/input/solar-cells-processed/solar_cell_ver4_/train_split/train/gray_0261.jpg,/kaggle/input/solar-cells-processed/solar_cell_ver4_/train_split/train/gray_0261_mask.png,train,512,512,RGB,JPEG,64713,3,512,512,RGB,PNG,6956,3,True,63.1962890625,6.79296875
gray_0161,gray_0161.jpg,gray_0161_mask.png,/kaggle/input/solar-cells-processed/solar_cell_ver4_/train_split/train/gray_0161.jpg,/kaggle/input/solar-cells-processed/solar_cell_ver4_/train_split/train/gray_0161_mask.png,train,512,512,RGB,JPEG,27516,3,512,512,RGB,PNG,3364,3,True,26.87109375,3.28515625
gray_0005,gray_0005.jpg,gray_0005_mask.png,/kaggle/input/solar-cells-processed/solar_cell_ver4_/train_split/train/gray_0005.jpg,/kaggle/input/solar-cells-processed/solar_cell_ver4_/train_split/train/gray_0005_mask.png,train,512,512,RGB,JPEG,80060,3,512,512,RGB,PNG,2072,3,True,78.18359375,2.0234375
gray_0029,gray_0029.jpg,gray_0029_mask.png,/kaggle/input/solar-cells-processed/solar_cell_ver4_/train_split/train/gray_0029.jpg,/kaggle/input/solar-cells-processed/solar_cell_ver4_/train_split/train/gray_0029_mask.png,train,512,512,RGB,JPEG,70535,3,512,512,RGB,PNG,2193,3,True,68.8818359375,2.1416015625
gray_0100,gray_0100.jpg,gray_0100_mask.png,/kaggle/input/solar-cells-processed/solar_cell_ver4_/train_split/train/gray_0100.jpg,/kaggle/input/solar-cells-processed/solar_cell_ver4_/train_split/train/gray_0100_mask.png,train,512,512,RGB,JPEG,43521,3,512,512,RGB,PNG,2390,3,True,42.5009765625,2.333984375
gray_0135,gray_0135.jpg,gray_0135_mask.png,/kaggle/input/solar-cells-processed/solar_cell_ver4_/train_split/train/gray_0135.jpg,/kaggle/input/solar-cells-processed/solar_cell_ver4_/train_split/train/gray_0135_mask.png,train,512,512,RGB,JPEG,53605,3,512,512,RGB,PNG,1814,3,True,52.3486328125,1.771484375
gray_0218,gray_0218.jpg,gray_0218_mask.png,/kaggle/input/solar-cells-processed/solar_cell_ver4_/train_split/train/gray_0218.jpg,/kaggle/input/solar-cells-processed/solar_cell_ver4_/train_split/train/gray_0218_mask.png,train,512,512,RGB,JPEG,75426,3,512,512,RGB,PNG,1971,3,True,73.658203125,1.9248046875
gray_0211,gray_0211.jpg,gray_0211_mask.png,/kaggle/input/solar-cells-processed/solar_cell_ver4_/train_split/train/gray_0211.jpg,/kaggle/input/solar-cells-processed/solar_cell_ver4_/train_split/train/gray_0211_mask.png,train,512,512,RGB,JPEG,44358,3,512,512,RGB,PNG,10944,3,True,43.318359375,10.6875
gray_0143,gray_0143.jpg,gray_0143_mask.png,/kaggle/input/solar-cells-processed/solar_cell_ver4_/train_split/train/gray_0143.jpg,/kaggle/input/solar-cells-processed/solar_cell_ver4_/train_split/train/gray_0143_mask.png,train,512,512,RGB,JPEG,55469,3,512,512,RGB,PNG,2154,3,True,54.1689453125,2.103515625
gray_0225,gray_0225.jpg,gray_0225_mask.png,/kaggle/input/solar-cells-processed/solar_cell_ver4_/train_split/train/gray_0225.jpg,/kaggle/input/solar-cells-processed/solar_cell_ver4_/train_split/train/gray_0225_mask.png,train,512,512,RGB,JPEG,50090,3,512,512,RGB,PNG,2109,3,True,48.916015625,2.0595703125
gray_0147,gray_0147.jpg,gray_0147_mask.png,/kaggle/input/solar-cells-processed/solar_cell_ver4_/train_split/train/gray_0147.jpg,/kaggle/input/solar-cells-processed/solar_cell_ver4_/train_split/train/gray_0147_mask.png,train,512,512,RGB,JPEG,78357,3,512,512,RGB,PNG,5908,3,True,76.5205078125,5.76953125
gray_0007,gray_0007.jpg,gray_0007_mask.png,/kaggle/input/solar-cells-processed/solar_cell_ver4_/train_split/train/gray_0007.jpg,/kaggle/input/solar-cells-processed/solar_cell_ver4_/train_split/train/gray_0007_mask.png,train,512,512,RGB,JPEG,80092,3,512,512,RGB,PNG,2072,3,True,78.21484375,2.0234375
rgb_0040,rgb_0040.jpg,rgb_0040_mask.png,/kaggle/input/solar-cells-processed/solar_cell_ver4_/train_split/train/rgb_0040.jpg,/kaggle/input/solar-cells-processed/solar_cell_ver4_/train_split/train/rgb_0040_mask.png,train,512,512,RGB,JPEG,24744,3,512,512,L,PNG,2476,2,True,24.1640625,2.41796875
gray_0115,gray_0115.jpg,gray_0115_mask.png,/kaggle/input/solar-cells-processed/solar_cell_ver4_/train_split/train/gray_0115.jpg,/kaggle/input/solar-cells-processed/solar_cell_ver4_/train_split/train/gray_0115_mask.png,train,512,512,RGB,JPEG,55433,3,512,512,RGB,PNG,2660,3,True,54.1337890625,2.59765625
gray_0011,gray_0011.jpg,gray_0011_mask.png,/kaggle/input/solar-cells-processed/solar_cell_ver4_/train_split/train/gray_0011.jpg,/kaggle/input/solar-cells-processed/solar_cell_ver4_/train_split/train/gray_0011_mask.png,train,512,512,RGB,JPEG,91399,3,512,512,RGB,PNG,2247,3,True,89.2568359375,2.1943359375
gray_0240,gray_0240.jpg,gray_0240_mask.png,/kaggle/input/solar-cells-processed/solar_cell_ver4_/train_split/train/gray_0240.jpg,/kaggle/input/solar-cells-processed/solar_cell_ver4_/train_split/train/gray_0240_mask.png,train,512,512,RGB,JPEG,61502,3,512,512,RGB,PNG,5347,3,True,60.060546875,5.2216796875
gray_0074,gray_0074.jpg,gray_0074_mask.png,/kaggle/input/solar-cells-processed/solar_cell_ver4_/train_split/train/gray_0074.jpg,/kaggle/input/solar-cells-processed/solar_cell_ver4_/train_split/train/gray_0074_mask.png,train,512,512,RGB,JPEG,45066,3,512,512,RGB,PNG,2538,3,True,44.009765625,2.478515625
gray_0088,gray_0088.jpg,gray_0088_mask.png,/kaggle/input/solar-cells-processed/solar_cell_ver4_/train_split/train/gray_0088.jpg,/kaggle/input/solar-cells-processed/solar_cell_ver4_/train_split/train/gray_0088_mask.png,train,512,512,RGB,JPEG,29727,3,512,512,RGB,PNG,4550,3,True,29.0302734375,4.443359375
rgb_0045,rgb_0045.jpg,rgb_0045_mask.png,/kaggle/input/solar-cells-processed/solar_cell_ver4_/train_split/train/rgb_0045.jpg,/kaggle/input/solar-cells-processed/solar_cell_ver4_/train_split/train/rgb_0045_mask.png,train,512,512,RGB,JPEG,21497,3,512,512,L,PNG,2739,2,True,20.9931640625,2.6748046875
gray_0162,gray_0162.jpg,gray_0162_mask.png,/kaggle/input/solar-cells-processed/solar_cell_ver4_/train_split/train/gray_0162.jpg,/kaggle/input/solar-cells-processed/solar_cell_ver4_/train_split/train/gray_0162_mask.png,train,512,512,RGB,JPEG,27561,3,512,512,RGB,PNG,3364,3,True,26.9150390625,3.28515625
gray_0144,gray_0144.jpg,gray_0144_mask.png,/kaggle/input/solar-cells-processed/solar_cell_ver4_/train_split/train/gray_0144.jpg,/kaggle/input/solar-cells-processed/solar_cell_ver4_/train_split/train/gray_0144_mask.png,train,512,512,RGB,JPEG,76317,3,512,512,RGB,PNG,2504,3,True,74.5283203125,2.4453125
rgb_0003,rgb_0003.jpg,rgb_0003_mask.png,/kaggle/input/solar-cells-processed/solar_cell_ver4_/train_split/train/rgb_0003.jpg,/kaggle/input/solar-cells-processed/solar_cell_ver4_/train_split/train/rgb_0003_mask.png,train,512,512,RGB,JPEG,34193,3,512,512,L,PNG,1602,2,True,33.3916015625,1.564453125
rgb_0039,rgb_0039.jpg,rgb_0039_mask.png,/kaggle/input/solar-cells-processed/solar_cell_ver4_/train_split/train/rgb_0039.jpg,/kaggle/input/solar-cells-processed/solar_cell_ver4_/train_split/train/rgb_0039_mask.png,train,512,512,RGB,JPEG,25606,3,512,512,L,PNG,1222,2,True,25.005859375,1.193359375
rgb_0013,rgb_0013.jpg,rgb_0013_mask.png,/kaggle/input/solar-cells-processed/solar_cell_ver4_/train_split/train/rgb_0013.jpg,/kaggle/input/solar-cells-processed/solar_cell_ver4_/train_split/train/rgb_0013_mask.png,train,512,512,RGB,JPEG,32680,3,512,512,L,PNG,1796,2,True,31.9140625,1.75390625
gray_0233,gray_0233.jpg,gray_0233_mask.png,/kaggle/input/solar-cells-processed/solar_cell_ver4_/train_split/train/gray_0233.jpg,/kaggle/input/solar-cells-processed/solar_cell_ver4_/train_split/train/gray_0233_mask.png,train,512,512,RGB,JPEG,50226,3,512,512,RGB,PNG,8654,3,True,49.048828125,8.451171875
gray_0163,gray_0163.jpg,gray_0163_mask.png,/kaggle/input/solar-cells-processed/solar_cell_ver4_/train_split/train/gray_0163.jpg,/kaggle/input/solar-cells-processed/solar_cell_ver4_/train_split/train/gray_0163_mask.png,train,512,512,RGB,JPEG,27611,3,512,512,RGB,PNG,3365,3,True,26.9638671875,3.2861328125
gray_0243,gray_0243.jpg,gray_0243_mask.png,/kaggle/input/solar-cells-processed/solar_cell_ver4_/train_split/train/gray_0243.jpg,/kaggle/input/solar-cells-processed/solar_cell_ver4_/train_split/train/gray_0243_mask.png,train,512,512,RGB,JPEG,66636,3,512,512,RGB,PNG,9592,3,True,65.07421875,9.3671875
gray_0012,gray_0012.jpg,gray_0012_mask.png,/kaggle/input/solar-cells-processed/solar_cell_ver4_/train_split/train/gray_0012.jpg,/kaggle/input/solar-cells-processed/solar_cell_ver4_/train_split/train/gray_0012_mask.png,train,512,512,RGB,JPEG,91459,3,512,512,RGB,PNG,2247,3,True,89.3154296875,2.1943359375
gray_0160,gray_0160.jpg,gray_0160_mask.png,/kaggle/input/solar-cells-processed/solar_cell_ver4_/train_split/train/gray_0160.jpg,/kaggle/input/solar-cells-processed/solar_cell_ver4_/train_split/train/gray_0160_mask.png,train,512,512,RGB,JPEG,46183,3,512,512,RGB,PNG,4313,3,True,45.1005859375,4.2119140625
gray_0235,gray_0235.jpg,gray_0235_mask.png,/kaggle/input/solar-cells-processed/solar_cell_ver4_/train_split/train/gray_0235.jpg,/kaggle/input/solar-cells-processed/solar_cell_ver4_/train_split/train/gray_0235_mask.png,train,512,512,RGB,JPEG,50668,3,512,512,RGB,PNG,5668,3,True,49.48046875,5.53515625
gray_0271,gray_0271.jpg,gray_0271_mask.png,/kaggle/input/solar-cells-processed/solar_cell_ver4_/train_split/train/gray_0271.jpg,/kaggle/input/solar-cells-processed/solar_cell_ver4_/train_split/train/gray_0271_mask.png,train,512,512,RGB,JPEG,63403,3,512,512,RGB,PNG,4061,3,True,61.9169921875,3.9658203125
rgb_0011,rgb_0011.jpg,rgb_0011_mask.png,/kaggle/input/solar-cells-processed/solar_cell_ver4_/train_split/train/rgb_0011.jpg,/kaggle/input/solar-cells-processed/solar_cell_ver4_/train_split/train/rgb_0011_mask.png,train,512,512,RGB,JPEG,29100,3,512,512,L,PNG,2245,2,True,28.41796875,2.1923828125
gray_0140,gray_0140.jpg,gray_0140_mask.png,/kaggle/input/solar-cells-processed/solar_cell_ver4_/train_split/train/gray_0140.jpg,/kaggle/input/solar-cells-processed/solar_cell_ver4_/train_split/train/gray_0140_mask.png,train,512,512,RGB,JPEG,49487,3,512,512,RGB,PNG,1924,3,True,48.3271484375,1.87890625
rgb_0008,rgb_0008.jpg,rgb_0008_mask.png,/kaggle/input/solar-cells-processed/solar_cell_ver4_/train_split/train/rgb_0008.jpg,/kaggle/input/solar-cells-processed/solar_cell_ver4_/train_split/train/rgb_0008_mask.png,train,512,512,RGB,JPEG,36281,3,512,512,L,PNG,1699,2,True,35.4306640625,1.6591796875
gray_0097,gray_0097.jpg,gray_0097_mask.png,/kaggle/input/solar-cells-processed/solar_cell_ver4_/train_split/train/gray_0097.jpg,/kaggle/input/solar-cells-processed/solar_cell_ver4_/train_split/train/gray_0097_mask.png,train,512,512,RGB,JPEG,31873,3,512,512,RGB,PNG,2446,3,True,31.1259765625,2.388671875
gray_0070,gray_0070.jpg,gray_0070_mask.png,/kaggle/input/solar-cells-processed/solar_cell_ver4_/train_split/train/gray_0070.jpg,/kaggle/input/solar-cells-processed/solar_cell_ver4_/train_split/train/gray_0070_mask.png,train,512,512,RGB,JPEG,112970,3,512,512,RGB,PNG,6889,3,True,110.322265625,6.7275390625
gray_0060,gray_0060.jpg,gray_0060_mask.png,/kaggle/input/solar-cells-processed/solar_cell_ver4_/train_split/train/gray_0060.jpg,/kaggle/input/solar-cells-processed/solar_cell_ver4_/train_split/train/gray_0060_mask.png,train,512,512,RGB,JPEG,65395,3,512,512,RGB,PNG,5695,3,True,63.8623046875,5.5615234375
gray_0200,gray_0200.jpg,gray_0200_mask.png,/kaggle/input/solar-cells-processed/solar_cell_ver4_/train_split/train/gray_0200.jpg,/kaggle/input/solar-cells-processed/solar_cell_ver4_/train_split/train/gray_0200_mask.png,train,512,512,RGB,JPEG,18192,3,512,512,RGB,PNG,2727,3,True,17.765625,2.6630859375
gray_0014,gray_0014.jpg,gray_0014_mask.png,/kaggle/input/solar-cells-processed/solar_cell_ver4_/train_split/train/gray_0014.jpg,/kaggle/input/solar-cells-processed/solar_cell_ver4_/train_split/train/gray_0014_mask.png,train,512,512,RGB,JPEG,88721,3,512,512,RGB,PNG,2259,3,True,86.6416015625,2.2060546875
rgb_0006,rgb_0006.jpg,rgb_0006_mask.png,/kaggle/input/solar-cells-processed/solar_cell_ver4_/train_split/train/rgb_0006.jpg,/kaggle/input/solar-cells-processed/solar_cell_ver4_/train_split/train/rgb_0006_mask.png,train,512,512,RGB,JPEG,31586,3,512,512,L,PNG,1684,2,True,30.845703125,1.64453125
gray_0072,gray_0072.jpg,gray_0072_mask.png,/kaggle/input/solar-cells-processed/solar_cell_ver4_/train_split/train/gray_0072.jpg,/kaggle/input/solar-cells-processed/solar_cell_ver4_/train_split/train/gray_0072_mask.png,train,512,512,RGB,JPEG,33048,3,512,512,RGB,PNG,2236,3,True,32.2734375,2.18359375
gray_0198,gray_0198.jpg,gray_0198_mask.png,/kaggle/input/solar-cells-processed/solar_cell_ver4_/train_split/train/gray_0198.jpg,/kaggle/input/solar-cells-processed/solar_cell_ver4_/train_split/train/gray_0198_mask.png,train,512,512,RGB,JPEG,41875,3,512,512,RGB,PNG,1832,3,True,40.8935546875,1.7890625
rgb_0036,rgb_0036.jpg,rgb_0036_mask.png,/kaggle/input/solar-cells-processed/solar_cell_ver4_/train_split/train/rgb_0036.jpg,/kaggle/input/solar-cells-processed/solar_cell_ver4_/train_split/train/rgb_0036_mask.png,train,512,512,RGB,JPEG,24912,3,512,512,L,PNG,1692,2,True,24.328125,1.65234375
gray_0027,gray_0027.jpg,gray_0027_mask.png,/kaggle/input/solar-cells-processed/solar_cell_ver4_/train_split/train/gray_0027.jpg,/kaggle/input/solar-cells-processed/solar_cell_ver4_/train_split/train/gray_0027_mask.png,train,512,512,RGB,JPEG,73404,3,512,512,RGB,PNG,2289,3,True,71.68359375,2.2353515625
gray_0067,gray_0067.jpg,gray_0067_mask.png,/kaggle/input/solar-cells-processed/solar_cell_ver4_/train_split/train/gray_0067.jpg,/kaggle/input/solar-cells-processed/solar_cell_ver4_/train_split/train/gray_0067_mask.png,train,512,512,RGB,JPEG,39091,3,512,512,RGB,PNG,7004,3,True,38.1748046875,6.83984375
gray_0039,gray_0039.jpg,gray_0039_mask.png,/kaggle/input/solar-cells-processed/solar_cell_ver4_/train_split/train/gray_0039.jpg,/kaggle/input/solar-cells-processed/solar_cell_ver4_/train_split/train/gray_0039_mask.png,train,512,512,RGB,JPEG,75052,3,512,512,RGB,PNG,2099,3,True,73.29296875,2.0498046875
gray_0132,gray_0132.jpg,gray_0132_mask.png,/kaggle/input/solar-cells-processed/solar_cell_ver4_/train_split/train/gray_0132.jpg,/kaggle/input/solar-cells-processed/solar_cell_ver4_/train_split/train/gray_0132_mask.png,train,512,512,RGB,JPEG,29268,3,512,512,RGB,PNG,2116,3,True,28.58203125,2.06640625
gray_0251,gray_0251.jpg,gray_0251_mask.png,/kaggle/input/solar-cells-processed/solar_cell_ver4_/train_split/train/gray_0251.jpg,/kaggle/input/solar-cells-processed/solar_cell_ver4_/train_split/train/gray_0251_mask.png,train,512,512,RGB,JPEG,66430,3,512,512,RGB,PNG,6844,3,True,64.873046875,6.68359375
gray_0189,gray_0189.jpg,gray_0189_mask.png,/kaggle/input/solar-cells-processed/solar_cell_ver4_/train_split/train/gray_0189.jpg,/kaggle/input/solar-cells-processed/solar_cell_ver4_/train_split/train/gray_0189_mask.png,train,512,512,RGB,JPEG,60672,3,512,512,RGB,PNG,5639,3,True,59.25,5.5068359375
gray_0222,gray_0222.jpg,gray_0222_mask.png,/kaggle/input/solar-cells-processed/solar_cell_ver4_/train_split/train/gray_0222.jpg,/kaggle/input/solar-cells-processed/solar_cell_ver4_/train_split/train/gray_0222_mask.png,train,512,512,RGB,JPEG,78850,3,512,512,RGB,PNG,8312,3,True,77.001953125,8.1171875
gray_0021,gray_0021.jpg,gray_0021_mask.png,/kaggle/input/solar-cells-processed/solar_cell_ver4_/train_split/train/gray_0021.jpg,/kaggle/input/solar-cells-processed/solar_cell_ver4_/train_split/train/gray_0021_mask.png,train,512,512,RGB,JPEG,76083,3,512,512,RGB,PNG,2215,3,True,74.2998046875,2.1630859375
gray_0192,gray_0192.jpg,gray_0192_mask.png,/kaggle/input/solar-cells-processed/solar_cell_ver4_/train_split/train/gray_0192.jpg,/kaggle/input/solar-cells-processed/solar_cell_ver4_/train_split/train/gray_0192_mask.png,train,512,512,RGB,JPEG,41269,3,512,512,RGB,PNG,3726,3,True,40.3017578125,3.638671875
rgb_0038,rgb_0038.jpg,rgb_0038_mask.png,/kaggle/input/solar-cells-processed/solar_cell_ver4_/train_split/train/rgb_0038.jpg,/kaggle/input/solar-cells-processed/solar_cell_ver4_/train_split/train/rgb_0038_mask.png,train,512,512,RGB,JPEG,25461,3,512,512,L,PNG,1222,2,True,24.8642578125,1.193359375
gray_0155,gray_0155.jpg,gray_0155_mask.png,/kaggle/input/solar-cells-processed/solar_cell_ver4_/train_split/train/gray_0155.jpg,/kaggle/input/solar-cells-processed/solar_cell_ver4_/train_split/train/gray_0155_mask.png,train,512,512,RGB,JPEG,54055,3,512,512,RGB,PNG,4598,3,True,52.7880859375,4.490234375
gray_0157,gray_0157.jpg,gray_0157_mask.png,/kaggle/input/solar-cells-processed/solar_cell_ver4_/train_split/train/gray_0157.jpg,/kaggle/input/solar-cells-processed/solar_cell_ver4_/train_split/train/gray_0157_mask.png,train,512,512,RGB,JPEG,70514,3,512,512,RGB,PNG,12458,3,True,68.861328125,12.166015625
gray_0182,gray_0182.jpg,gray_0182_mask.png,/kaggle/input/solar-cells-processed/solar_cell_ver4_/train_split/train/gray_0182.jpg,/kaggle/input/solar-cells-processed/solar_cell_ver4_/train_split/train/gray_0182_mask.png,train,512,512,RGB,JPEG,51787,3,512,512,RGB,PNG,2654,3,True,50.5732421875,2.591796875
rgb_0007,rgb_0007.jpg,rgb_0007_mask.png,/kaggle/input/solar-cells-processed/solar_cell_ver4_/train_split/train/rgb_0007.jpg,/kaggle/input/solar-cells-processed/solar_cell_ver4_/train_split/train/rgb_0007_mask.png,train,512,512,RGB,JPEG,37924,3,512,512,L,PNG,1432,2,True,37.03515625,1.3984375
gray_0019,gray_0019.jpg,gray_0019_mask.png,/kaggle/input/solar-cells-processed/solar_cell_ver4_/train_split/train/gray_0019.jpg,/kaggle/input/solar-cells-processed/solar_cell_ver4_/train_split/train/gray_0019_mask.png,train,512,512,RGB,JPEG,76394,3,512,512,RGB,PNG,1946,3,True,74.603515625,1.900390625
rgb_0044,rgb_0044.jpg,rgb_0044_mask.png,/kaggle/input/solar-cells-processed/solar_cell_ver4_/train_split/train/rgb_0044.jpg,/kaggle/input/solar-cells-processed/solar_cell_ver4_/train_split/train/rgb_0044_mask.png,train,512,512,RGB,JPEG,23240,3,512,512,L,PNG,2730,2,True,22.6953125,2.666015625
gray_0111,gray_0111.jpg,gray_0111_mask.png,/kaggle/input/solar-cells-processed/solar_cell_ver4_/train_split/train/gray_0111.jpg,/kaggle/input/solar-cells-processed/solar_cell_ver4_/train_split/train/gray_0111_mask.png,train,512,512,RGB,JPEG,46127,3,512,512,RGB,PNG,3808,3,True,45.0458984375,3.71875
gray_0035,gray_0035.jpg,gray_0035_mask.png,/kaggle/input/solar-cells-processed/solar_cell_ver4_/train_split/train/gray_0035.jpg,/kaggle/input/solar-cells-processed/solar_cell_ver4_/train_split/train/gray_0035_mask.png,train,512,512,RGB,JPEG,73885,3,512,512,RGB,PNG,2263,3,True,72.1533203125,2.2099609375
gray_0152,gray_0152.jpg,gray_0152_mask.png,/kaggle/input/solar-cells-processed/solar_cell_ver4_/train_split/train/gray_0152.jpg,/kaggle/input/solar-cells-processed/solar_cell_ver4_/train_split/train/gray_0152_mask.png,train,512,512,RGB,JPEG,59658,3,512,512,RGB,PNG,5662,3,True,58.259765625,5.529296875
gray_0153,gray_0153.jpg,gray_0153_mask.png,/kaggle/input/solar-cells-processed/solar_cell_ver4_/train_split/train/gray_0153.jpg,/kaggle/input/solar-cells-processed/solar_cell_ver4_/train_split/train/gray_0153_mask.png,train,512,512,RGB,JPEG,59766,3,512,512,RGB,PNG,5662,3,True,58.365234375,5.529296875
gray_0260,gray_0260.jpg,gray_0260_mask.png,/kaggle/input/solar-cells-processed/solar_cell_ver4_/train_split/train/gray_0260.jpg,/kaggle/input/solar-cells-processed/solar_cell_ver4_/train_split/train/gray_0260_mask.png,train,512,512,RGB,JPEG,64680,3,512,512,RGB,PNG,7438,3,True,63.1640625,7.263671875
rgb_0014,rgb_0014.jpg,rgb_0014_mask.png,/kaggle/input/solar-cells-processed/solar_cell_ver4_/train_split/train/rgb_0014.jpg,/kaggle/input/solar-cells-processed/solar_cell_ver4_/train_split/train/rgb_0014_mask.png,train,512,512,RGB,JPEG,31059,3,512,512,L,PNG,1788,2,True,30.3310546875,1.74609375
rgb_0048,rgb_0048.jpg,rgb_0048_mask.png,/kaggle/input/solar-cells-processed/solar_cell_ver4_/train_split/train/rgb_0048.jpg,/kaggle/input/solar-cells-processed/solar_cell_ver4_/train_split/train/rgb_0048_mask.png,train,512,512,RGB,JPEG,21591,3,512,512,L,PNG,2447,2,True,21.0849609375,2.3896484375
gray_0015,gray_0015.jpg,gray_0015_mask.png,/kaggle/input/solar-cells-processed/solar_cell_ver4_/train_split/train/gray_0015.jpg,/kaggle/input/solar-cells-processed/solar_cell_ver4_/train_split/train/gray_0015_mask.png,train,512,512,RGB,JPEG,81956,3,512,512,RGB,PNG,2281,3,True,80.03515625,2.2275390625
rgb_0049,rgb_0049.jpg,rgb_0049_mask.png,/kaggle/input/solar-cells-processed/solar_cell_ver4_/train_split/train/rgb_0049.jpg,/kaggle/input/solar-cells-processed/solar_cell_ver4_/train_split/train/rgb_0049_mask.png,train,512,512,RGB,JPEG,26833,3,512,512,L,PNG,1749,2,True,26.2041015625,1.7080078125
gray_0217,gray_0217.jpg,gray_0217_mask.png,/kaggle/input/solar-cells-processed/solar_cell_ver4_/train_split/train/gray_0217.jpg,/kaggle/input/solar-cells-processed/solar_cell_ver4_/train_split/train/gray_0217_mask.png,train,512,512,RGB,JPEG,78353,3,512,512,RGB,PNG,2123,3,True,76.5166015625,2.0732421875
gray_0193,gray_0193.jpg,gray_0193_mask.png,/kaggle/input/solar-cells-processed/solar_cell_ver4_/train_split/train/gray_0193.jpg,/kaggle/input/solar-cells-processed/solar_cell_ver4_/train_split/train/gray_0193_mask.png,train,512,512,RGB,JPEG,53986,3,512,512,RGB,PNG,6884,3,True,52.720703125,6.72265625
gray_0093,gray_0093.jpg,gray_0093_mask.png,/kaggle/input/solar-cells-processed/solar_cell_ver4_/train_split/train/gray_0093.jpg,/kaggle/input/solar-cells-processed/solar_cell_ver4_/train_split/train/gray_0093_mask.png,train,512,512,RGB,JPEG,50282,3,512,512,RGB,PNG,3046,3,True,49.103515625,2.974609375
rgb_0004,rgb_0004.jpg,rgb_0004_mask.png,/kaggle/input/solar-cells-processed/solar_cell_ver4_/train_split/train/rgb_0004.jpg,/kaggle/input/solar-cells-processed/solar_cell_ver4_/train_split/train/rgb_0004_mask.png,train,512,512,RGB,JPEG,32852,3,512,512,L,PNG,1475,2,True,32.08203125,1.4404296875
rgb_0001,rgb_0001.jpg,rgb_0001_mask.png,/kaggle/input/solar-cells-processed/solar_cell_ver4_/train_split/train/rgb_0001.jpg,/kaggle/input/solar-cells-processed/solar_cell_ver4_/train_split/train/rgb_0001_mask.png,train,512,512,RGB,JPEG,38728,3,512,512,L,PNG,1395,2,True,37.8203125,1.3623046875
gray_0123,gray_0123.jpg,gray_0123_mask.png,/kaggle/input/solar-cells-processed/solar_cell_ver4_/train_split/train/gray_0123.jpg,/kaggle/input/solar-cells-processed/solar_cell_ver4_/train_split/train/gray_0123_mask.png,train,512,512,RGB,JPEG,51770,3,512,512,RGB,PNG,4982,3,True,50.556640625,4.865234375
rgb_0050,rgb_0050.jpg,rgb_0050_mask.png,/kaggle/input/solar-cells-processed/solar_cell_ver4_/train_split/train/rgb_0050.jpg,/kaggle/input/solar-cells-processed/solar_cell_ver4_/train_split/train/rgb_0050_mask.png,train,512,512,RGB,JPEG,22682,3,512,512,L,PNG,1749,2,True,22.150390625,1.7080078125
gray_0203,gray_0203.jpg,gray_0203_mask.png,/kaggle/input/solar-cells-processed/solar_cell_ver4_/train_split/train/gray_0203.jpg,/kaggle/input/solar-cells-processed/solar_cell_ver4_/train_split/train/gray_0203_mask.png,train,512,512,RGB,JPEG,99128,3,512,512,RGB,PNG,2591,3,True,96.8046875,2.5302734375
rgb_0015,rgb_0015.jpg,rgb_0015_mask.png,/kaggle/input/solar-cells-processed/solar_cell_ver4_/train_split/train/rgb_0015.jpg,/kaggle/input/solar-cells-processed/solar_cell_ver4_/train_split/train/rgb_0015_mask.png,train,512,512,RGB,JPEG,33424,3,512,512,L,PNG,1796,2,True,32.640625,1.75390625
gray_0114,gray_0114.jpg,gray_0114_mask.png,/kaggle/input/solar-cells-processed/solar_cell_ver4_/train_split/train/gray_0114.jpg,/kaggle/input/solar-cells-processed/solar_cell_ver4_/train_split/train/gray_0114_mask.png,train,512,512,RGB,JPEG,55504,3,512,512,RGB,PNG,2696,3,True,54.203125,2.6328125
gray_0236,gray_0236.jpg,gray_0236_mask.png,/kaggle/input/solar-cells-processed/solar_cell_ver4_/train_split/train/gray_0236.jpg,/kaggle/input/solar-cells-processed/solar_cell_ver4_/train_split/train/gray_0236_mask.png,train,512,512,RGB,JPEG,50650,3,512,512,RGB,PNG,5770,3,True,49.462890625,5.634765625
gray_0081,gray_0081.jpg,gray_0081_mask.png,/kaggle/input/solar-cells-processed/solar_cell_ver4_/train_split/train/gray_0081.jpg,/kaggle/input/solar-cells-processed/solar_cell_ver4_/train_split/train/gray_0081_mask.png,train,512,512,RGB,JPEG,29188,3,512,512,RGB,PNG,2299,3,True,28.50390625,2.2451171875
gray_0168,gray_0168.jpg,gray_0168_mask.png,/kaggle/input/solar-cells-processed/solar_cell_ver4_/train_split/train/gray_0168.jpg,/kaggle/input/solar-cells-processed/solar_cell_ver4_/train_split/train/gray_0168_mask.png,train,512,512,RGB,JPEG,74525,3,512,512,RGB,PNG,4225,3,True,72.7783203125,4.1259765625
gray_0263,gray_0263.jpg,gray_0263_mask.png,/kaggle/input/solar-cells-processed/solar_cell_ver4_/train_split/train/gray_0263.jpg,/kaggle/input/solar-cells-processed/solar_cell_ver4_/train_split/train/gray_0263_mask.png,train,512,512,RGB,JPEG,77662,3,512,512,RGB,PNG,2202,3,True,75.841796875,2.150390625
gray_0062,gray_0062.jpg,gray_0062_mask.png,/kaggle/input/solar-cells-processed/solar_cell_ver4_/train_split/train/gray_0062.jpg,/kaggle/input/solar-cells-processed/solar_cell_ver4_/train_split/train/gray_0062_mask.png,train,512,512,RGB,JPEG,45232,3,512,512,RGB,PNG,5865,3,True,44.171875,5.7275390625
gray_0268,gray_0268.jpg,gray_0268_mask.png,/kaggle/input/solar-cells-processed/solar_cell_ver4_/train_split/train/gray_0268.jpg,/kaggle/input/solar-cells-processed/solar_cell_ver4_/train_split/train/gray_0268_mask.png,train,512,512,RGB,JPEG,39206,3,512,512,RGB,PNG,3194,3,True,38.287109375,3.119140625
gray_0154,gray_0154.jpg,gray_0154_mask.png,/kaggle/input/solar-cells-processed/solar_cell_ver4_/train_split/train/gray_0154.jpg,/kaggle/input/solar-cells-processed/solar_cell_ver4_/train_split/train/gray_0154_mask.png,train,512,512,RGB,JPEG,54036,3,512,512,RGB,PNG,4595,3,True,52.76953125,4.4873046875
gray_0063,gray_0063.jpg,gray_0063_mask.png,/kaggle/input/solar-cells-processed/solar_cell_ver4_/train_split/train/gray_0063.jpg,/kaggle/input/solar-cells-processed/solar_cell_ver4_/train_split/train/gray_0063_mask.png,train,512,512,RGB,JPEG,45350,3,512,512,RGB,PNG,5865,3,True,44.287109375,5.7275390625
gray_0242,gray_0242.jpg,gray_0242_mask.png,/kaggle/input/solar-cells-processed/solar_cell_ver4_/train_split/train/gray_0242.jpg,/kaggle/input/solar-cells-processed/solar_cell_ver4_/train_split/train/gray_0242_mask.png,train,512,512,RGB,JPEG,66627,3,512,512,RGB,PNG,9492,3,True,65.0654296875,9.26953125
rgb_0046,rgb_0046.jpg,rgb_0046_mask.png,/kaggle/input/solar-cells-processed/solar_cell_ver4_/train_split/train/rgb_0046.jpg,/kaggle/input/solar-cells-processed/solar_cell_ver4_/train_split/train/rgb_0046_mask.png,train,512,512,RGB,JPEG,25538,3,512,512,L,PNG,2445,2,True,24.939453125,2.3876953125
rgb_0035,rgb_0035.jpg,rgb_0035_mask.png,/kaggle/input/solar-cells-processed/solar_cell_ver4_/train_split/train/rgb_0035.jpg,/kaggle/input/solar-cells-processed/solar_cell_ver4_/train_split/train/rgb_0035_mask.png,train,512,512,RGB,JPEG,24167,3,512,512,L,PNG,1693,2,True,23.6005859375,1.6533203125
gray_0226,gray_0226.jpg,gray_0226_mask.png,/kaggle/input/solar-cells-processed/solar_cell_ver4_/train_split/train/gray_0226.jpg,/kaggle/input/solar-cells-processed/solar_cell_ver4_/train_split/train/gray_0226_mask.png,train,512,512,RGB,JPEG,78678,3,512,512,RGB,PNG,1951,3,True,76.833984375,1.9052734375
rgb_0051,rgb_0051.jpg,rgb_0051_mask.png,/kaggle/input/solar-cells-processed/solar_cell_ver4_/train_split/train/rgb_0051.jpg,/kaggle/input/solar-cells-processed/solar_cell_ver4_/train_split/train/rgb_0051_mask.png,train,512,512,RGB,JPEG,22084,3,512,512,L,PNG,2158,2,True,21.56640625,2.107421875
gray_0270,gray_0270.jpg,gray_0270_mask.png,/kaggle/input/solar-cells-processed/solar_cell_ver4_/train_split/train/gray_0270.jpg,/kaggle/input/solar-cells-processed/solar_cell_ver4_/train_split/train/gray_0270_mask.png,train,512,512,RGB,JPEG,63392,3,512,512,RGB,PNG,4084,3,True,61.90625,3.98828125
gray_0191,gray_0191.jpg,gray_0191_mask.png,/kaggle/input/solar-cells-processed/solar_cell_ver4_/train_split/train/gray_0191.jpg,/kaggle/input/solar-cells-processed/solar_cell_ver4_/train_split/train/gray_0191_mask.png,train,512,512,RGB,JPEG,41326,3,512,512,RGB,PNG,3711,3,True,40.357421875,3.6240234375
gray_0221,gray_0221.jpg,gray_0221_mask.png,/kaggle/input/solar-cells-processed/solar_cell_ver4_/train_split/train/gray_0221.jpg,/kaggle/input/solar-cells-processed/solar_cell_ver4_/train_split/train/gray_0221_mask.png,train,512,512,RGB,JPEG,78888,3,512,512,RGB,PNG,7979,3,True,77.0390625,7.7919921875
gray_0119,gray_0119.jpg,gray_0119_mask.png,/kaggle/input/solar-cells-processed/solar_cell_ver4_/train_split/train/gray_0119.jpg,/kaggle/input/solar-cells-processed/solar_cell_ver4_/train_split/train/gray_0119_mask.png,train,512,512,RGB,JPEG,35097,3,512,512,RGB,PNG,4130,3,True,34.2744140625,4.033203125
gray_0215,gray_0215.jpg,gray_0215_mask.png,/kaggle/input/solar-cells-processed/solar_cell_ver4_/train_split/train/gray_0215.jpg,/kaggle/input/solar-cells-processed/solar_cell_ver4_/train_split/train/gray_0215_mask.png,train,512,512,RGB,JPEG,65017,3,512,512,RGB,PNG,1898,3,True,63.4931640625,1.853515625
gray_0045,gray_0045.jpg,gray_0045_mask.png,/kaggle/input/solar-cells-processed/solar_cell_ver4_/train_split/train/gray_0045.jpg,/kaggle/input/solar-cells-processed/solar_cell_ver4_/train_split/train/gray_0045_mask.png,train,512,512,RGB,JPEG,81708,3,512,512,RGB,PNG,2762,3,True,79.79296875,2.697265625
gray_0104,gray_0104.jpg,gray_0104_mask.png,/kaggle/input/solar-cells-processed/solar_cell_ver4_/train_split/train/gray_0104.jpg,/kaggle/input/solar-cells-processed/solar_cell_ver4_/train_split/train/gray_0104_mask.png,train,512,512,RGB,JPEG,53439,3,512,512,RGB,PNG,2978,3,True,52.1865234375,2.908203125
gray_0089,gray_0089.jpg,gray_0089_mask.png,/kaggle/input/solar-cells-processed/solar_cell_ver4_/train_split/train/gray_0089.jpg,/kaggle/input/solar-cells-processed/solar_cell_ver4_/train_split/train/gray_0089_mask.png,train,512,512,RGB,JPEG,29753,3,512,512,RGB,PNG,4554,3,True,29.0556640625,4.447265625
gray_0052,gray_0052.jpg,gray_0052_mask.png,/kaggle/input/solar-cells-processed/solar_cell_ver4_/train_split/train/gray_0052.jpg,/kaggle/input/solar-cells-processed/solar_cell_ver4_/train_split/train/gray_0052_mask.png,train,512,512,RGB,JPEG,81122,3,512,512,RGB,PNG,2393,3,True,79.220703125,2.3369140625
gray_0108,gray_0108.jpg,gray_0108_mask.png,/kaggle/input/solar-cells-processed/solar_cell_ver4_/train_split/train/gray_0108.jpg,/kaggle/input/solar-cells-processed/solar_cell_ver4_/train_split/train/gray_0108_mask.png,train,512,512,RGB,JPEG,58901,3,512,512,RGB,PNG,9559,3,True,57.5205078125,9.3349609375
rgb_0037,rgb_0037.jpg,rgb_0037_mask.png,/kaggle/input/solar-cells-processed/solar_cell_ver4_/train_split/train/rgb_0037.jpg,/kaggle/input/solar-cells-processed/solar_cell_ver4_/train_split/train/rgb_0037_mask.png,train,512,512,RGB,JPEG,23422,3,512,512,L,PNG,1401,2,True,22.873046875,1.3681640625
gray_0098,gray_0098.jpg,gray_0098_mask.png,/kaggle/input/solar-cells-processed/solar_cell_ver4_/train_split/train/gray_0098.jpg,/kaggle/input/solar-cells-processed/solar_cell_ver4_/train_split/train/gray_0098_mask.png,train,512,512,RGB,JPEG,53213,3,512,512,RGB,PNG,4100,3,True,51.9658203125,4.00390625
gray_0257,gray_0257.jpg,gray_0257_mask.png,/kaggle/input/solar-cells-processed/solar_cell_ver4_/train_split/train/gray_0257.jpg,/kaggle/input/solar-cells-processed/solar_cell_ver4_/train_split/train/gray_0257_mask.png,train,512,512,RGB,JPEG,68147,3,512,512,RGB,PNG,2769,3,True,66.5498046875,2.7041015625
gray_0186,gray_0186.jpg,gray_0186_mask.png,/kaggle/input/solar-cells-processed/solar_cell_ver4_/train_split/train/gray_0186.jpg,/kaggle/input/solar-cells-processed/solar_cell_ver4_/train_split/train/gray_0186_mask.png,train,512,512,RGB,JPEG,55825,3,512,512,RGB,PNG,2217,3,True,54.5166015625,2.1650390625
rgb_0018,rgb_0018.jpg,rgb_0018_mask.png,/kaggle/input/solar-cells-processed/solar_cell_ver4_/train_split/train/rgb_0018.jpg,/kaggle/input/solar-cells-processed/solar_cell_ver4_/train_split/train/rgb_0018_mask.png,train,512,512,RGB,JPEG,35101,3,512,512,L,PNG,1750,2,True,34.2783203125,1.708984375
gray_0199,gray_0199.jpg,gray_0199_mask.png,/kaggle/input/solar-cells-processed/solar_cell_ver4_/train_split/train/gray_0199.jpg,/kaggle/input/solar-cells-processed/solar_cell_ver4_/train_split/train/gray_0199_mask.png,train,512,512,RGB,JPEG,18172,3,512,512,RGB,PNG,2720,3,True,17.74609375,2.65625
gray_0228,gray_0228.jpg,gray_0228_mask.png,/kaggle/input/solar-cells-processed/solar_cell_ver4_/train_split/train/gray_0228.jpg,/kaggle/input/solar-cells-processed/solar_cell_ver4_/train_split/train/gray_0228_mask.png,train,512,512,RGB,JPEG,78397,3,512,512,RGB,PNG,2021,3,True,76.5595703125,1.9736328125
gray_0075,gray_0075.jpg,gray_0075_mask.png,/kaggle/input/solar-cells-processed/solar_cell_ver4_/train_split/train/gray_0075.jpg,/kaggle/input/solar-cells-processed/solar_cell_ver4_/train_split/train/gray_0075_mask.png,train,512,512,RGB,JPEG,43174,3,512,512,RGB,PNG,2457,3,True,42.162109375,2.3994140625
rgb_0002,rgb_0002.jpg,rgb_0002_mask.png,/kaggle/input/solar-cells-processed/solar_cell_ver4_/train_split/train/rgb_0002.jpg,/kaggle/input/solar-cells-processed/solar_cell_ver4_/train_split/train/rgb_0002_mask.png,train,512,512,RGB,JPEG,37612,3,512,512,L,PNG,1416,2,True,36.73046875,1.3828125
gray_0065,gray_0065.jpg,gray_0065_mask.png,/kaggle/input/solar-cells-processed/solar_cell_ver4_/train_split/train/gray_0065.jpg,/kaggle/input/solar-cells-processed/solar_cell_ver4_/train_split/train/gray_0065_mask.png,train,512,512,RGB,JPEG,64853,3,512,512,RGB,PNG,3023,3,True,63.3330078125,2.9521484375
gray_0265,gray_0265.jpg,gray_0265_mask.png,/kaggle/input/solar-cells-processed/solar_cell_ver4_/train_split/train/gray_0265.jpg,/kaggle/input/solar-cells-processed/solar_cell_ver4_/train_split/train/gray_0265_mask.png,train,512,512,RGB,JPEG,56861,3,512,512,RGB,PNG,3116,3,True,55.5283203125,3.04296875
gray_0204,gray_0204.jpg,gray_0204_mask.png,/kaggle/input/solar-cells-processed/solar_cell_ver4_/train_split/train/gray_0204.jpg,/kaggle/input/solar-cells-processed/solar_cell_ver4_/train_split/train/gray_0204_mask.png,train,512,512,RGB,JPEG,24587,3,512,512,RGB,PNG,5935,3,True,24.0107421875,5.7958984375
gray_0164,gray_0164.jpg,gray_0164_mask.png,/kaggle/input/solar-cells-processed/solar_cell_ver4_/train_split/train/gray_0164.jpg,/kaggle/input/solar-cells-processed/solar_cell_ver4_/train_split/train/gray_0164_mask.png,train,512,512,RGB,JPEG,43737,3,512,512,RGB,PNG,6852,3,True,42.7119140625,6.69140625
gray_0139,gray_0139.jpg,gray_0139_mask.png,/kaggle/input/solar-cells-processed/solar_cell_ver4_/train_split/train/gray_0139.jpg,/kaggle/input/solar-cells-processed/solar_cell_ver4_/train_split/train/gray_0139_mask.png,train,512,512,RGB,JPEG,49529,3,512,512,RGB,PNG,1924,3,True,48.3681640625,1.87890625
gray_0129,gray_0129.jpg,gray_0129_mask.png,/kaggle/input/solar-cells-processed/solar_cell_ver4_/train_split/train/gray_0129.jpg,/kaggle/input/solar-cells-processed/solar_cell_ver4_/train_split/train/gray_0129_mask.png,train,512,512,RGB,JPEG,46934,3,512,512,RGB,PNG,2295,3,True,45.833984375,2.2412109375
gray_0177,gray_0177.jpg,gray_0177_mask.png,/kaggle/input/solar-cells-processed/solar_cell_ver4_/train_split/train/gray_0177.jpg,/kaggle/input/solar-cells-processed/solar_cell_ver4_/train_split/train/gray_0177_mask.png,train,512,512,RGB,JPEG,43877,3,512,512,RGB,PNG,5398,3,True,42.8486328125,5.271484375
gray_0209,gray_0209.jpg,gray_0209_mask.png,/kaggle/input/solar-cells-processed/solar_cell_ver4_/train_split/train/gray_0209.jpg,/kaggle/input/solar-cells-processed/solar_cell_ver4_/train_split/train/gray_0209_mask.png,train,512,512,RGB,JPEG,47631,3,512,512,RGB,PNG,7519,3,True,46.5146484375,7.3427734375
gray_0142,gray_0142.jpg,gray_0142_mask.png,/kaggle/input/solar-cells-processed/solar_cell_ver4_/train_split/train/gray_0142.jpg,/kaggle/input/solar-cells-processed/solar_cell_ver4_/train_split/train/gray_0142_mask.png,train,512,512,RGB,JPEG,55426,3,512,512,RGB,PNG,2154,3,True,54.126953125,2.103515625
gray_0121,gray_0121.jpg,gray_0121_mask.png,/kaggle/input/solar-cells-processed/solar_cell_ver4_/train_split/train/gray_0121.jpg,/kaggle/input/solar-cells-processed/solar_cell_ver4_/train_split/train/gray_0121_mask.png,train,512,512,RGB,JPEG,51739,3,512,512,RGB,PNG,5174,3,True,50.5263671875,5.052734375
gray_0202,gray_0202.jpg,gray_0202_mask.png,/kaggle/input/solar-cells-processed/solar_cell_ver4_/train_split/train/gray_0202.jpg,/kaggle/input/solar-cells-processed/solar_cell_ver4_/train_split/train/gray_0202_mask.png,train,512,512,RGB,JPEG,99117,3,512,512,RGB,PNG,2597,3,True,96.7939453125,2.5361328125
gray_0185,gray_0185.jpg,gray_0185_mask.png,/kaggle/input/solar-cells-processed/solar_cell_ver4_/train_split/train/gray_0185.jpg,/kaggle/input/solar-cells-processed/solar_cell_ver4_/train_split/train/gray_0185_mask.png,train,512,512,RGB,JPEG,55911,3,512,512,RGB,PNG,2216,3,True,54.6005859375,2.1640625
gray_0009,gray_0009.jpg,gray_0009_mask.png,/kaggle/input/solar-cells-processed/solar_cell_ver4_/train_split/train/gray_0009.jpg,/kaggle/input/solar-cells-processed/solar_cell_ver4_/train_split/train/gray_0009_mask.png,train,512,512,RGB,JPEG,79776,3,512,512,RGB,PNG,1915,3,True,77.90625,1.8701171875
gray_0134,gray_0134.jpg,gray_0134_mask.png,/kaggle/input/solar-cells-processed/solar_cell_ver4_/train_split/train/gray_0134.jpg,/kaggle/input/solar-cells-processed/solar_cell_ver4_/train_split/train/gray_0134_mask.png,train,512,512,RGB,JPEG,53589,3,512,512,RGB,PNG,1814,3,True,52.3330078125,1.771484375
rgb_0027,rgb_0027.jpg,rgb_0027_mask.png,/kaggle/input/solar-cells-processed/solar_cell_ver4_/train_split/train/rgb_0027.jpg,/kaggle/input/solar-cells-processed/solar_cell_ver4_/train_split/train/rgb_0027_mask.png,train,512,512,RGB,JPEG,25601,3,512,512,L,PNG,1928,2,True,25.0009765625,1.8828125
gray_0253,gray_0253.jpg,gray_0253_mask.png,/kaggle/input/solar-cells-processed/solar_cell_ver4_/train_split/train/gray_0253.jpg,/kaggle/input/solar-cells-processed/solar_cell_ver4_/train_split/train/gray_0253_mask.png,train,512,512,RGB,JPEG,72267,3,512,512,RGB,PNG,5015,3,True,70.5732421875,4.8974609375
gray_0266,gray_0266.jpg,gray_0266_mask.png,/kaggle/input/solar-cells-processed/solar_cell_ver4_/train_split/val/gray_0266.jpg,/kaggle/input/solar-cells-processed/solar_cell_ver4_/train_split/val/gray_0266_mask.png,val,512,512,RGB,JPEG,54021,3,512,512,RGB,PNG,2524,3,True,52.7548828125,2.46484375
rgb_0028,rgb_0028.jpg,rgb_0028_mask.png,/kaggle/input/solar-cells-processed/solar_cell_ver4_/train_split/val/rgb_0028.jpg,/kaggle/input/solar-cells-processed/solar_cell_ver4_/train_split/val/rgb_0028_mask.png,val,512,512,RGB,JPEG,29705,3,512,512,L,PNG,1529,2,True,29.0087890625,1.4931640625
gray_0117,gray_0117.jpg,gray_0117_mask.png,/kaggle/input/solar-cells-processed/solar_cell_ver4_/train_split/val/gray_0117.jpg,/kaggle/input/solar-cells-processed/solar_cell_ver4_/train_split/val/gray_0117_mask.png,val,512,512,RGB,JPEG,53186,3,512,512,RGB,PNG,6616,3,True,51.939453125,6.4609375
gray_0008,gray_0008.jpg,gray_0008_mask.png,/kaggle/input/solar-cells-processed/solar_cell_ver4_/train_split/val/gray_0008.jpg,/kaggle/input/solar-cells-processed/solar_cell_ver4_/train_split/val/gray_0008_mask.png,val,512,512,RGB,JPEG,79819,3,512,512,RGB,PNG,2080,3,True,77.9482421875,2.03125
gray_0102,gray_0102.jpg,gray_0102_mask.png,/kaggle/input/solar-cells-processed/solar_cell_ver4_/train_split/val/gray_0102.jpg,/kaggle/input/solar-cells-processed/solar_cell_ver4_/train_split/val/gray_0102_mask.png,val,512,512,RGB,JPEG,56784,3,512,512,RGB,PNG,3432,3,True,55.453125,3.3515625
rgb_0012,rgb_0012.jpg,rgb_0012_mask.png,/kaggle/input/solar-cells-processed/solar_cell_ver4_/train_split/val/rgb_0012.jpg,/kaggle/input/solar-cells-processed/solar_cell_ver4_/train_split/val/rgb_0012_mask.png,val,512,512,RGB,JPEG,25832,3,512,512,L,PNG,2245,2,True,25.2265625,2.1923828125
gray_0246,gray_0246.jpg,gray_0246_mask.png,/kaggle/input/solar-cells-processed/solar_cell_ver4_/train_split/val/gray_0246.jpg,/kaggle/input/solar-cells-processed/solar_cell_ver4_/train_split/val/gray_0246_mask.png,val,512,512,RGB,JPEG,67728,3,512,512,RGB,PNG,6467,3,True,66.140625,6.3154296875
gray_0127,gray_0127.jpg,gray_0127_mask.png,/kaggle/input/solar-cells-processed/solar_cell_ver4_/train_split/val/gray_0127.jpg,/kaggle/input/solar-cells-processed/solar_cell_ver4_/train_split/val/gray_0127_mask.png,val,512,512,RGB,JPEG,47384,3,512,512,RGB,PNG,2685,3,True,46.2734375,2.6220703125
gray_0083,gray_0083.jpg,gray_0083_mask.png,/kaggle/input/solar-cells-processed/solar_cell_ver4_/train_split/val/gray_0083.jpg,/kaggle/input/solar-cells-processed/solar_cell_ver4_/train_split/val/gray_0083_mask.png,val,512,512,RGB,JPEG,29373,3,512,512,RGB,PNG,2299,3,True,28.6845703125,2.2451171875
gray_0210,gray_0210.jpg,gray_0210_mask.png,/kaggle/input/solar-cells-processed/solar_cell_ver4_/train_split/val/gray_0210.jpg,/kaggle/input/solar-cells-processed/solar_cell_ver4_/train_split/val/gray_0210_mask.png,val,512,512,RGB,JPEG,47738,3,512,512,RGB,PNG,7502,3,True,46.619140625,7.326171875
gray_0250,gray_0250.jpg,gray_0250_mask.png,/kaggle/input/solar-cells-processed/solar_cell_ver4_/train_split/val/gray_0250.jpg,/kaggle/input/solar-cells-processed/solar_cell_ver4_/train_split/val/gray_0250_mask.png,val,512,512,RGB,JPEG,53542,3,512,512,RGB,PNG,9757,3,True,52.287109375,9.5283203125
gray_0267,gray_0267.jpg,gray_0267_mask.png,/kaggle/input/solar-cells-processed/solar_cell_ver4_/train_split/val/gray_0267.jpg,/kaggle/input/solar-cells-processed/solar_cell_ver4_/train_split/val/gray_0267_mask.png,val,512,512,RGB,JPEG,54022,3,512,512,RGB,PNG,2525,3,True,52.755859375,2.4658203125
gray_0187,gray_0187.jpg,gray_0187_mask.png,/kaggle/input/solar-cells-processed/solar_cell_ver4_/train_split/val/gray_0187.jpg,/kaggle/input/solar-cells-processed/solar_cell_ver4_/train_split/val/gray_0187_mask.png,val,512,512,RGB,JPEG,54468,3,512,512,RGB,PNG,2433,3,True,53.19140625,2.3759765625
gray_0259,gray_0259.jpg,gray_0259_mask.png,/kaggle/input/solar-cells-processed/solar_cell_ver4_/train_split/val/gray_0259.jpg,/kaggle/input/solar-cells-processed/solar_cell_ver4_/train_split/val/gray_0259_mask.png,val,512,512,RGB,JPEG,64879,3,512,512,RGB,PNG,5713,3,True,63.3583984375,5.5791015625
gray_0120,gray_0120.jpg,gray_0120_mask.png,/kaggle/input/solar-cells-processed/solar_cell_ver4_/train_split/val/gray_0120.jpg,/kaggle/input/solar-cells-processed/solar_cell_ver4_/train_split/val/gray_0120_mask.png,val,512,512,RGB,JPEG,41857,3,512,512,RGB,PNG,3889,3,True,40.8759765625,3.7978515625
gray_0056,gray_0056.jpg,gray_0056_mask.png,/kaggle/input/solar-cells-processed/solar_cell_ver4_/train_split/val/gray_0056.jpg,/kaggle/input/solar-cells-processed/solar_cell_ver4_/train_split/val/gray_0056_mask.png,val,512,512,RGB,JPEG,122406,3,512,512,RGB,PNG,5503,3,True,119.537109375,5.3740234375
gray_0079,gray_0079.jpg,gray_0079_mask.png,/kaggle/input/solar-cells-processed/solar_cell_ver4_/train_split/val/gray_0079.jpg,/kaggle/input/solar-cells-processed/solar_cell_ver4_/train_split/val/gray_0079_mask.png,val,512,512,RGB,JPEG,48902,3,512,512,RGB,PNG,1871,3,True,47.755859375,1.8271484375
gray_0174,gray_0174.jpg,gray_0174_mask.png,/kaggle/input/solar-cells-processed/solar_cell_ver4_/train_split/val/gray_0174.jpg,/kaggle/input/solar-cells-processed/solar_cell_ver4_/train_split/val/gray_0174_mask.png,val,512,512,RGB,JPEG,64356,3,512,512,RGB,PNG,2740,3,True,62.84765625,2.67578125
gray_0180,gray_0180.jpg,gray_0180_mask.png,/kaggle/input/solar-cells-processed/solar_cell_ver4_/train_split/val/gray_0180.jpg,/kaggle/input/solar-cells-processed/solar_cell_ver4_/train_split/val/gray_0180_mask.png,val,512,512,RGB,JPEG,52532,3,512,512,RGB,PNG,3164,3,True,51.30078125,3.08984375
rgb_0024,rgb_0024.jpg,rgb_0024_mask.png,/kaggle/input/solar-cells-processed/solar_cell_ver4_/train_split/val/rgb_0024.jpg,/kaggle/input/solar-cells-processed/solar_cell_ver4_/train_split/val/rgb_0024_mask.png,val,512,512,RGB,JPEG,28705,3,512,512,L,PNG,1343,2,True,28.0322265625,1.3115234375
rgb_0032,rgb_0032.jpg,rgb_0032_mask.png,/kaggle/input/solar-cells-processed/solar_cell_ver4_/train_split/val/rgb_0032.jpg,/kaggle/input/solar-cells-processed/solar_cell_ver4_/train_split/val/rgb_0032_mask.png,val,512,512,RGB,JPEG,26091,3,512,512,L,PNG,1584,2,True,25.4794921875,1.546875
gray_0273,gray_0273.jpg,gray_0273_mask.png,/kaggle/input/solar-cells-processed/solar_cell_ver4_/train_split/val/gray_0273.jpg,/kaggle/input/solar-cells-processed/solar_cell_ver4_/train_split/val/gray_0273_mask.png,val,512,512,RGB,JPEG,47533,3,512,512,RGB,PNG,2443,3,True,46.4189453125,2.3857421875
rgb_0041,rgb_0041.jpg,rgb_0041_mask.png,/kaggle/input/solar-cells-processed/solar_cell_ver4_/train_split/val/rgb_0041.jpg,/kaggle/input/solar-cells-processed/solar_cell_ver4_/train_split/val/rgb_0041_mask.png,val,512,512,RGB,JPEG,20308,3,512,512,L,PNG,2476,2,True,19.83203125,2.41796875
gray_0043,gray_0043.jpg,gray_0043_mask.png,/kaggle/input/solar-cells-processed/solar_cell_ver4_/train_split/val/gray_0043.jpg,/kaggle/input/solar-cells-processed/solar_cell_ver4_/train_split/val/gray_0043_mask.png,val,512,512,RGB,JPEG,79629,3,512,512,RGB,PNG,2114,3,True,77.7626953125,2.064453125
gray_0165,gray_0165.jpg,gray_0165_mask.png,/kaggle/input/solar-cells-processed/solar_cell_ver4_/train_split/val/gray_0165.jpg,/kaggle/input/solar-cells-processed/solar_cell_ver4_/train_split/val/gray_0165_mask.png,val,512,512,RGB,JPEG,43625,3,512,512,RGB,PNG,6727,3,True,42.6025390625,6.5693359375
gray_0133,gray_0133.jpg,gray_0133_mask.png,/kaggle/input/solar-cells-processed/solar_cell_ver4_/train_split/val/gray_0133.jpg,/kaggle/input/solar-cells-processed/solar_cell_ver4_/train_split/val/gray_0133_mask.png,val,512,512,RGB,JPEG,29227,3,512,512,RGB,PNG,2116,3,True,28.5419921875,2.06640625
gray_0091,gray_0091.jpg,gray_0091_mask.png,/kaggle/input/solar-cells-processed/solar_cell_ver4_/train_split/val/gray_0091.jpg,/kaggle/input/solar-cells-processed/solar_cell_ver4_/train_split/val/gray_0091_mask.png,val,512,512,RGB,JPEG,63601,3,512,512,RGB,PNG,2852,3,True,62.1103515625,2.78515625
gray_0095,gray_0095.jpg,gray_0095_mask.png,/kaggle/input/solar-cells-processed/solar_cell_ver4_/train_split/val/gray_0095.jpg,/kaggle/input/solar-cells-processed/solar_cell_ver4_/train_split/val/gray_0095_mask.png,val,512,512,RGB,JPEG,31841,3,512,512,RGB,PNG,2742,3,True,31.0947265625,2.677734375
gray_0061,gray_0061.jpg,gray_0061_mask.png,/kaggle/input/solar-cells-processed/solar_cell_ver4_/train_split/val/gray_0061.jpg,/kaggle/input/solar-cells-processed/solar_cell_ver4_/train_split/val/gray_0061_mask.png,val,512,512,RGB,JPEG,65479,3,512,512,RGB,PNG,5684,3,True,63.9443359375,5.55078125
gray_0010,gray_0010.jpg,gray_0010_mask.png,/kaggle/input/solar-cells-processed/solar_cell_ver4_/train_split/val/gray_0010.jpg,/kaggle/input/solar-cells-processed/solar_cell_ver4_/train_split/val/gray_0010_mask.png,val,512,512,RGB,JPEG,91426,3,512,512,RGB,PNG,2247,3,True,89.283203125,2.1943359375
gray_0173,gray_0173.jpg,gray_0173_mask.png,/kaggle/input/solar-cells-processed/solar_cell_ver4_/train_split/val/gray_0173.jpg,/kaggle/input/solar-cells-processed/solar_cell_ver4_/train_split/val/gray_0173_mask.png,val,512,512,RGB,JPEG,64253,3,512,512,RGB,PNG,2795,3,True,62.7470703125,2.7294921875
gray_0207,gray_0207.jpg,gray_0207_mask.png,/kaggle/input/solar-cells-processed/solar_cell_ver4_/train_split/val/gray_0207.jpg,/kaggle/input/solar-cells-processed/solar_cell_ver4_/train_split/val/gray_0207_mask.png,val,512,512,RGB,JPEG,17268,3,512,512,RGB,PNG,1976,3,True,16.86328125,1.9296875
gray_0125,gray_0125.jpg,gray_0125_mask.png,/kaggle/input/solar-cells-processed/solar_cell_ver4_/train_split/val/gray_0125.jpg,/kaggle/input/solar-cells-processed/solar_cell_ver4_/train_split/val/gray_0125_mask.png,val,512,512,RGB,JPEG,49237,3,512,512,RGB,PNG,6278,3,True,48.0830078125,6.130859375
gray_0077,gray_0077.jpg,gray_0077_mask.png,/kaggle/input/solar-cells-processed/solar_cell_ver4_/train_split/val/gray_0077.jpg,/kaggle/input/solar-cells-processed/solar_cell_ver4_/train_split/val/gray_0077_mask.png,val,512,512,RGB,JPEG,43178,3,512,512,RGB,PNG,2457,3,True,42.166015625,2.3994140625
rgb_0031,rgb_0031.jpg,rgb_0031_mask.png,/kaggle/input/solar-cells-processed/solar_cell_ver4_/train_split/val/rgb_0031.jpg,/kaggle/input/solar-cells-processed/solar_cell_ver4_/train_split/val/rgb_0031_mask.png,val,512,512,RGB,JPEG,27688,3,512,512,L,PNG,1587,2,True,27.0390625,1.5498046875
gray_0058,gray_0058.jpg,gray_0058_mask.png,/kaggle/input/solar-cells-processed/solar_cell_ver4_/train_split/val/gray_0058.jpg,/kaggle/input/solar-cells-processed/solar_cell_ver4_/train_split/val/gray_0058_mask.png,val,512,512,RGB,JPEG,122503,3,512,512,RGB,PNG,5453,3,True,119.6318359375,5.3251953125
gray_0166,gray_0166.jpg,gray_0166_mask.png,/kaggle/input/solar-cells-processed/solar_cell_ver4_/train_split/val/gray_0166.jpg,/kaggle/input/solar-cells-processed/solar_cell_ver4_/train_split/val/gray_0166_mask.png,val,512,512,RGB,JPEG,43700,3,512,512,RGB,PNG,6852,3,True,42.67578125,6.69140625
gray_0220,gray_0220.jpg,gray_0220_mask.png,/kaggle/input/solar-cells-processed/solar_cell_ver4_/train_split/val/gray_0220.jpg,/kaggle/input/solar-cells-processed/solar_cell_ver4_/train_split/val/gray_0220_mask.png,val,512,512,RGB,JPEG,75378,3,512,512,RGB,PNG,1971,3,True,73.611328125,1.9248046875
gray_0232,gray_0232.jpg,gray_0232_mask.png,/kaggle/input/solar-cells-processed/solar_cell_ver4_/train_split/val/gray_0232.jpg,/kaggle/input/solar-cells-processed/solar_cell_ver4_/train_split/val/gray_0232_mask.png,val,512,512,RGB,JPEG,88207,3,512,512,RGB,PNG,7680,3,True,86.1396484375,7.5
gray_0078,gray_0078.jpg,gray_0078_mask.png,/kaggle/input/solar-cells-processed/solar_cell_ver4_/train_split/val/gray_0078.jpg,/kaggle/input/solar-cells-processed/solar_cell_ver4_/train_split/val/gray_0078_mask.png,val,512,512,RGB,JPEG,48861,3,512,512,RGB,PNG,1875,3,True,47.7158203125,1.8310546875
gray_0197,gray_0197.jpg,gray_0197_mask.png,/kaggle/input/solar-cells-processed/solar_cell_ver4_/train_split/val/gray_0197.jpg,/kaggle/input/solar-cells-processed/solar_cell_ver4_/train_split/val/gray_0197_mask.png,val,512,512,RGB,JPEG,41940,3,512,512,RGB,PNG,1832,3,True,40.95703125,1.7890625
gray_0105,gray_0105.jpg,gray_0105_mask.png,/kaggle/input/solar-cells-processed/solar_cell_ver4_/train_split/val/gray_0105.jpg,/kaggle/input/solar-cells-processed/solar_cell_ver4_/train_split/val/gray_0105_mask.png,val,512,512,RGB,JPEG,53453,3,512,512,RGB,PNG,2979,3,True,52.2001953125,2.9091796875
gray_0006,gray_0006.jpg,gray_0006_mask.png,/kaggle/input/solar-cells-processed/solar_cell_ver4_/train_split/val/gray_0006.jpg,/kaggle/input/solar-cells-processed/solar_cell_ver4_/train_split/val/gray_0006_mask.png,val,512,512,RGB,JPEG,80037,3,512,512,RGB,PNG,1904,3,True,78.1611328125,1.859375
gray_0176,gray_0176.jpg,gray_0176_mask.png,/kaggle/input/solar-cells-processed/solar_cell_ver4_/train_split/val/gray_0176.jpg,/kaggle/input/solar-cells-processed/solar_cell_ver4_/train_split/val/gray_0176_mask.png,val,512,512,RGB,JPEG,82099,3,512,512,RGB,PNG,4896,3,True,80.1748046875,4.78125
gray_0110,gray_0110.jpg,gray_0110_mask.png,/kaggle/input/solar-cells-processed/solar_cell_ver4_/train_split/val/gray_0110.jpg,/kaggle/input/solar-cells-processed/solar_cell_ver4_/train_split/val/gray_0110_mask.png,val,512,512,RGB,JPEG,46145,3,512,512,RGB,PNG,3808,3,True,45.0634765625,3.71875
gray_0094,gray_0094.jpg,gray_0094_mask.png,/kaggle/input/solar-cells-processed/solar_cell_ver4_/train_split/val/gray_0094.jpg,/kaggle/input/solar-cells-processed/solar_cell_ver4_/train_split/val/gray_0094_mask.png,val,512,512,RGB,JPEG,31909,3,512,512,RGB,PNG,2742,3,True,31.1611328125,2.677734375
gray_0047,gray_0047.jpg,gray_0047_mask.png,/kaggle/input/solar-cells-processed/solar_cell_ver4_/train_split/val/gray_0047.jpg,/kaggle/input/solar-cells-processed/solar_cell_ver4_/train_split/val/gray_0047_mask.png,val,512,512,RGB,JPEG,81727,3,512,512,RGB,PNG,2777,3,True,79.8115234375,2.7119140625
gray_0109,gray_0109.jpg,gray_0109_mask.png,/kaggle/input/solar-cells-processed/solar_cell_ver4_/train_split/val/gray_0109.jpg,/kaggle/input/solar-cells-processed/solar_cell_ver4_/train_split/val/gray_0109_mask.png,val,512,512,RGB,JPEG,58929,3,512,512,RGB,PNG,9561,3,True,57.5478515625,9.3369140625
rgb_0020,rgb_0020.jpg,rgb_0020_mask.png,/kaggle/input/solar-cells-processed/solar_cell_ver4_/train_split/val/rgb_0020.jpg,/kaggle/input/solar-cells-processed/solar_cell_ver4_/train_split/val/rgb_0020_mask.png,val,512,512,RGB,JPEG,34400,3,512,512,L,PNG,1883,2,True,33.59375,1.8388671875
gray_0026,gray_0026.jpg,gray_0026_mask.png,/kaggle/input/solar-cells-processed/solar_cell_ver4_/train_split/val/gray_0026.jpg,/kaggle/input/solar-cells-processed/solar_cell_ver4_/train_split/val/gray_0026_mask.png,val,512,512,RGB,JPEG,73359,3,512,512,RGB,PNG,2279,3,True,71.6396484375,2.2255859375
gray_0034,gray_0034.jpg,gray_0034_mask.png,/kaggle/input/solar-cells-processed/solar_cell_ver4_/train_split/val/gray_0034.jpg,/kaggle/input/solar-cells-processed/solar_cell_ver4_/train_split/val/gray_0034_mask.png,val,512,512,RGB,JPEG,74027,3,512,512,RGB,PNG,2889,3,True,72.2919921875,2.8212890625
gray_0064,gray_0064.jpg,gray_0064_mask.png,/kaggle/input/solar-cells-processed/solar_cell_ver4_/train_split/val/gray_0064.jpg,/kaggle/input/solar-cells-processed/solar_cell_ver4_/train_split/val/gray_0064_mask.png,val,512,512,RGB,JPEG,64810,3,512,512,RGB,PNG,3023,3,True,63.291015625,2.9521484375
gray_0138,gray_0138.jpg,gray_0138_mask.png,/kaggle/input/solar-cells-processed/solar_cell_ver4_/train_split/val/gray_0138.jpg,/kaggle/input/solar-cells-processed/solar_cell_ver4_/train_split/val/gray_0138_mask.png,val,512,512,RGB,JPEG,43189,3,512,512,RGB,PNG,2535,3,True,42.1767578125,2.4755859375
rgb_0030,rgb_0030.jpg,rgb_0030_mask.png,/kaggle/input/solar-cells-processed/solar_cell_ver4_/train_split/val/rgb_0030.jpg,/kaggle/input/solar-cells-processed/solar_cell_ver4_/train_split/val/rgb_0030_mask.png,val,512,512,RGB,JPEG,31088,3,512,512,L,PNG,1508,2,True,30.359375,1.47265625
gray_0178,gray_0178.jpg,gray_0178_mask.png,/kaggle/input/solar-cells-processed/solar_cell_ver4_/train_split/val/gray_0178.jpg,/kaggle/input/solar-cells-processed/solar_cell_ver4_/train_split/val/gray_0178_mask.png,val,512,512,RGB,JPEG,43997,3,512,512,RGB,PNG,5390,3,True,42.9658203125,5.263671875
gray_0004,gray_0004.jpg,gray_0004_mask.png,/kaggle/input/solar-cells-processed/solar_cell_ver4_/train_split/val/gray_0004.jpg,/kaggle/input/solar-cells-processed/solar_cell_ver4_/train_split/val/gray_0004_mask.png,val,512,512,RGB,JPEG,79781,3,512,512,RGB,PNG,1906,3,True,77.9111328125,1.861328125
gray_0076,gray_0076.jpg,gray_0076_mask.png,/kaggle/input/solar-cells-processed/solar_cell_ver4_/train_split/val/gray_0076.jpg,/kaggle/input/solar-cells-processed/solar_cell_ver4_/train_split/val/gray_0076_mask.png,val,512,512,RGB,JPEG,43177,3,512,512,RGB,PNG,2457,3,True,42.1650390625,2.3994140625
gray_0158,gray_0158.jpg,gray_0158_mask.png,/kaggle/input/solar-cells-processed/solar_cell_ver4_/train_split/val/gray_0158.jpg,/kaggle/input/solar-cells-processed/solar_cell_ver4_/train_split/val/gray_0158_mask.png,val,512,512,RGB,JPEG,46118,3,512,512,RGB,PNG,4315,3,True,45.037109375,4.2138671875
rgb_0047,rgb_0047.jpg,rgb_0047_mask.png,/kaggle/input/solar-cells-processed/solar_cell_ver4_/train_split/val/rgb_0047.jpg,/kaggle/input/solar-cells-processed/solar_cell_ver4_/train_split/val/rgb_0047_mask.png,val,512,512,RGB,JPEG,22745,3,512,512,L,PNG,1981,2,True,22.2119140625,1.9345703125
gray_0227,gray_0227.jpg,gray_0227_mask.png,/kaggle/input/solar-cells-processed/solar_cell_ver4_/train_split/val/gray_0227.jpg,/kaggle/input/solar-cells-processed/solar_cell_ver4_/train_split/val/gray_0227_mask.png,val,512,512,RGB,JPEG,78761,3,512,512,RGB,PNG,1947,3,True,76.9150390625,1.9013671875
gray_0046,gray_0046.jpg,gray_0046_mask.png,/kaggle/input/solar-cells-processed/solar_cell_ver4_/train_split/val/gray_0046.jpg,/kaggle/input/solar-cells-processed/solar_cell_ver4_/train_split/val/gray_0046_mask.png,val,512,512,RGB,JPEG,81726,3,512,512,RGB,PNG,2777,3,True,79.810546875,2.7119140625
gray_0181,gray_0181.jpg,gray_0181_mask.png,/kaggle/input/solar-cells-processed/solar_cell_ver4_/train_split/val/gray_0181.jpg,/kaggle/input/solar-cells-processed/solar_cell_ver4_/train_split/val/gray_0181_mask.png,val,512,512,RGB,JPEG,52574,3,512,512,RGB,PNG,3135,3,True,51.341796875,3.0615234375
gray_0017,gray_0017.jpg,gray_0017_mask.png,/kaggle/input/solar-cells-processed/solar_cell_ver4_/train_split/val/gray_0017.jpg,/kaggle/input/solar-cells-processed/solar_cell_ver4_/train_split/val/gray_0017_mask.png,val,512,512,RGB,JPEG,81935,3,512,512,RGB,PNG,2281,3,True,80.0146484375,2.2275390625
rgb_0016,rgb_0016.jpg,rgb_0016_mask.png,/kaggle/input/solar-cells-processed/solar_cell_ver4_/train_split/val/rgb_0016.jpg,/kaggle/input/solar-cells-processed/solar_cell_ver4_/train_split/val/rgb_0016_mask.png,val,512,512,RGB,JPEG,28593,3,512,512,L,PNG,2069,2,True,27.9228515625,2.0205078125
gray_0145,gray_0145.jpg,gray_0145_mask.png,/kaggle/input/solar-cells-processed/solar_cell_ver4_/train_split/val/gray_0145.jpg,/kaggle/input/solar-cells-processed/solar_cell_ver4_/train_split/val/gray_0145_mask.png,val,512,512,RGB,JPEG,76278,3,512,512,RGB,PNG,2504,3,True,74.490234375,2.4453125
